job_name,job_stars,job_category,job_description,company_name,company_type,company_size,company_industry,company_introduction,min_salary,max_salary,mid_salary,place,exp_years,education
设计师助理,"绩效奖金,专业培训,五险一金,节日福利","家具设计/家居设计,展览/展示/店面设计","岗位职责：,1.协助空间设计师画展厅施工图；,2.协助空间设计师下单；,3.其它领导安排的工作。,任职要求：,1.23-35岁，男女不限，大专及以上学历，家具艺术设计类专业优先；,2.良好的沟通表达能力，有较强的抗压力；,3.有两年以上全屋设计经验；,4.熟练操作3Dmax、CAD等软件。,薪资福利：五险一金+节假日福利+国家法定假日休息+提供食宿+免费班车",成都德贝实业有限公司,民营公司,150-500人,"家居/室内设计/装潢,建筑/建材/工程",德贝厨柜成立于1994年，是中国西部地区建立时间最早的专业厨柜制造商之一。我们一直跟随市场需求，定位于研发、生产、销售、售后安装于一体的中高端全屋定制家居企业。德贝设立三个工厂，位于郫都区现代工业港北区，生产面积达76000平方米，目前直属员工近1000人，专卖店遍布全国。2018年建成了西部规模***、设施最先进的专业化家居生产基地，是西部首屈一指的中高端全屋定制家居生产企业。    为方便管理，德贝斥巨资研发出ERP集成化管理信息系统，其独有的电子商务e平台可实现与全国销售网络远程下单，并自动生成报价，使德贝管理水平更加规范化。凭借着优质的产品、强大的生产力和高度职业化的服务团队，我们成为万科、置信等房产商首选配套商。在产品设计创新上，更是年年荣获设计奖杯，新产品一经推出便获得客户青睐。打造高端舒适、适用的家居一直是德贝人永不放弃的理念。    近年来，人才的挖掘与培育，一直是德贝的重要工作之一。根据实践经验，我们建立了一套适用的人才培养机制，许多优秀人才从中发掘并委以重任。现今在德贝工作5年以上的员工达80%，和谐、宽容、奋进的团队氛围使员工在企业中找到适于自身发展的空间。期待对自我有认知、对职业有规划、对未来有抱负的您加入德贝！,4500,6000,5250.0,成都-郫都区,2年经验,大专
3D设计师/三维动画师/动画设计师,,"动画/3D设计,多媒体设计","诚聘资深Cinema 4d大佬！！！,1、能熟练使用c4d完成建模，动画，材质贴图制作，灯光渲染，影视广告中的动画镜头，烟火流体、布料动力学等特效的制作；,2、根据项目要求可以独立完成三维动画设计，包含人物、大场景、单体部件等动画展示；,3、对视觉设计、色彩有敏锐的观察力及分析能力，带领三维团队保质保量完成短期和长期项目制作需求；,4、独立且高质量的完成设计方案，能够清晰准确地表现出脚本需求，并对影片的美感进行把控；,5、有创意理念，善于理解和把握客户的需求；,6、配合项目部，确保项目按图实施，完美体现设计创意，并主动配合项目部和客户之前的沟通；,7、能充分积累并使用自己的视觉设计经验，及时提出崭新的创意方案；,职位要求：,1、大专及以上学历，美术类、设计类相关专业优先，熟悉建筑动画，产品动画，对产品的质感表现、对三维动画和镜头运动有良好的把握，具有较强的motion graohic设计能力和构图能力；,2、至少拥有3年三维影视动画制作经验；,3、具有扎实的美术基础、色彩控制能力强、想象力丰富；,4、有独立成熟的三维作品，包括商业制作和个人作品；,5、精通应用三维制作软件3Dmax、Maya、AfterEffect、C4D等其中1-2种；,6、思维敏捷，有责任心，具有较强的理解和沟通能力，能吃苦耐劳，沟通表达能力强，有带领团队经验者优先；,7、极强的团队合作意识，对工作保有热情，具备一定的抗压能力。",上海野柿网络科技有限公司,民营公司,50-150人,"计算机软件,影视/媒体/艺术/文化传播",野柿娱乐自成立以来一直专注于平面设计以及广告类视频的创作，包括TVC广告、品牌宣传片、广告类短片、专题片、MG动画、病毒视频、VR视频等。服务于大量知名企业，与优秀的广告公司合作，服务的品牌包括大金空调、泊美、百雀羚、雅诗兰黛、RogerVivier、赫基、谷歌、饿了么、交通银行、汇丰银行、东风雪铁龙和大众等，通过专业服务，造就业内优秀口碑，为客户品牌宣传起到良好的推动作用 。2018年，开始尝试自媒体，为大众提供好玩、有趣的原创视频。如果你够有趣、够好玩、脑洞大那请赶紧上车，逾期不候在这里你可以找到你的好基友，更有逗B同事等你来撩。,8000,10000,9000.0,上海-静安区,2年经验,大专
画展策划执行,"五险一金,交通补贴,餐饮补贴,绩效奖金,年终奖金,定期体检","活动执行,展览/展示/店面设计","1、负责艺术展览的统筹和执行,2、负责展陈设计并落地,3、协助部门经理完成展览及部门内部相关工作的指导及协调,4、建立艺术家档案及资料管理,5、负责艺术品软装设计及客户沟通,要求：艺术/设计类专业，有展陈设计、展览执行经验",浙江信雅达文化艺术发展有限公司,民营公司,少于50人,"奢侈品/收藏品/工艺品/珠宝,影视/媒体/艺术/文化传播",浙江信雅达文化艺术发展有限公司是由信雅达集团投资创建的大型综合艺术机构，是浙江省内首个集当代传统书画艺术的展示交流、教育推广、销售经营、艺术vi策划及资本运作于一体的专业、规范、高效的艺术平台。公司以国内知名艺术机构——中国美术学院、中央美术学院为学术依托，致力于发展成为具有专业特色、规模庞大的艺术交流平台，提供具有学术前瞻性与高规格展览水平的策展服务，并不遗余力地建立直达艺术家的作品收藏通道，为中国高端人士解读艺术，呈现精品。   公司于钱塘江以南设有近3000方一线江景私属高端艺术会所——信雅达三清上艺术中心，为高雅人士提供一体化的艺术品交流、收藏、学习、鉴赏的平台，通过对艺术品的展览策划和销售推广，旨在不断扩展大众参与艺术品交易的广度和深度，培育艺术礼品、原创艺术软装饰、家庭艺术品收藏的高端消费市场。“美上美学”是信雅达文化艺术深耕艺术五年后，带着情怀而推出的高端美育平台。以引领美学生活新风尚为愿景，签约中国八大美院、九大艺术院校的专业师资，围绕艺术、生活、人文三大主题，开设基础课程、特色课程、精修课程及游学课程。场景式课程、情景式授课，带来沉浸式的美学教育体验。现有校区：杭州总部校区：杭州市滨江区江虹路1750号信雅达国际2幢47层杭州来福士校区：杭州市江干区来福士商场6层杭州西溪银泰校区：杭州市西湖区西溪银泰城2楼大连恒隆校区：大连市西岗区恒隆商场4楼上海闵行校区：上海市闵行区沪闵路7250号百联南方购物中心二区   真诚欢迎有志之士加入我们的团队！官网：www.sunyardart.com微信：搜“信雅达文化艺术”关注微博：http://e.weibo.com/sunyardart,6000,8000,7000.0,杭州-滨江区,2年经验,本科
包装美工主管,"五险一金,补充医疗保险,补充公积金,免费班车,员工旅游,弹性工作,定期体检",包装设计,"岗位职责：,1、确定设计方案：通过与客户及工程师沟通，明确客户需求，有针对性地提出产品包装结构设计方案，满足产品包装外观/运输可靠性等需求，提高工作有效性；,2、产品设计：根据设计方案，进行产品包装结构设计，输出包装图纸，并运用三维软件制作产品包装结构效果图及包装成型动画展示，供客户或内部评价； ,3、协助打样：完成打样过程中的包装结构、材料核对和调整，协助完成包装试验需求;,4、负责协助工程部分析解决量产后出现的不良和异常，负责必要的设计更改的提出，实验和验证。,5、负责包装没通团队管理等相关工作, ,任职条件：,1、本科以上学历，印刷包装相关专业，3年以上产品包装结构设计经验； ,2、熟悉包装材料，熟悉国内外包装行业及测试标准，具备较强的产品包装结构设计、开发能力； ,3、熟练使用各种专业绘图软件和办公自动化软件； ,4、具备较强的学习能力、沟通能力及创新能力；,5、英语四级以上；,6、有平面设计或丝印设计能力/经验者为佳。, ,在汉桑，你可以收获： ,3、保险公积金：国家法律规定的五险一金；价值25万的补充商业保险 ,4、多项福利包：年终奖、项目奖、节假日红包、婚丧嫁娶礼金；年度调薪；周末双休、法定节假日休息、年假、带薪病假；旅游、体检、部门活动经费以及丰富的员工活动；入职周年纪念礼品、劳保用品等 ,5、多纬度培训：新员工入职培训、试用期OJT配备一对一导师辅导；技术交流分享会；移动学习平台APP ,6、多通道晋升：双通道（技术、管理）晋升；内部轮岗 ,7、开放式文化：企业文化开放包容；跨部门沟通交流无障碍",汉桑（南京）科技有限公司,外资（非欧美）,500-1000人,电子技术/半导体/集成电路,"HANSONG Group,  成立于1998年，全球领先的提供音频，声学，无线流媒体，物联网，云和大数据解决方案和高品质智能制造垂直一体化的服务平台，始终致力于为品牌顾客创造高附加值。    运营总部在中国南京。另有丹麦，印度和美国研发中心，及分布于北美，欧洲的销售点。现拥有超过52000M2的研发和制造基地并可扩展，覆盖模具和注塑，SMT，PCBA，总装和测试等全过程制造。    汉桑现有超过1300名训练有素的员工，其中超过140名为研发工程师,从事硬件,结构，声学，软件，APP， 云和大数据等开发。    公司办公环境舒适，提供食宿，有六条班车线路通往南京市区、江宁、禄口等多个区域。公司提供富有竞争性的薪资福利待遇，完善的晋升体制，期待您的加入。在汉桑，你可以收获：1、行业龙头：影音行业知名企业，与全球众多优质品牌合作密切；2、技术领先：领先的技术平台、国际化的团队成员、极客研发氛围；3、保险公积金：国家法律规定的五险一金；价值25万的补充商业保险4、多项福利包：年终奖、项目奖、节假日红包、婚丧嫁娶礼金；年度调薪；周末双休、法定节假日休息、年假、带薪病假；旅游、体检、部门活动经费以及丰富的员工活动；入职周年纪念礼品、劳保用品等5、多纬度培训：新员工入职培训、试用期OJT配备一对一导师辅导；技术交流分享会；微课程开发大赛；移动学习平台APP6、多通道晋升：双通道（技术、管理）晋升；内部轮岗7、开放式文化：企业文化开放包容；企业文化积分；跨部门沟通交流无障碍",12500,16667,14583.5,南京-江宁区,5-7年经验,本科
美术老师,"员工旅游,交通补贴,通讯补贴,专业培训,定期体检,年终奖金,绩效奖金",音乐/美术教师,"岗位职责：1. 认真按照学校的课程体系开展美术教学,做好课前准备和课后家校沟通工作；2. 积极参与教学教研活动，参与学校教学培训，参与校区各类艺术装置的制作和各类画展，参加学校组织的其他活动。3、完成校区教学任务，在授课过程中通过各种方式诱发孩子的想象力，让每个孩子在课堂中主动探索、观察、思索、启蒙孩子自我发挥，关心每一个孩子；4、完成上级领导交办的其他工作。任职资格：1.专科及以上学历，美术相关专业，有一定的教学经验；（美术教育专业、有教师资格证优先）；2. 具有扎实的美术功底，热爱美术教育事业，有良好的职业道德素养和敬业精神；3. 喜欢孩子，有爱心、耐心、责任心、务实，富有亲和力，具备良好的沟通表达能力；4、能够稳定地工作。工作时间：每周双休周二、周三，工龄1年以上的可弹性坐班。投简历时***备上个人作品！纳溪区美术老师可放宽面试条件！",泸州市徐浩美术培训学校,创业公司,150-500人,教育/培训/院校,泸州市徐浩美术培训学校是经泸州市教育局批准设立的具有独立法人资格的民办美术教育培训机构。学校创办于2001年，在10多年来的办学历程中，学校潜心从事以儿童和青少年为主要对象的美术教育培训，学校发展迅速，在泸州城区已有12个校区，常年在校生达万人。    学校在办学过程中始终坚持以人为本、质量至上、服务***的办学理念。把向学生提供优质的美术教育服务作为学校的工作目标，将学生进步和家长满意作为评价工作的基本标准。坚守诚信服务、追求卓越的办学之道。 学校凭借先进的办学理念、专业的教学目标定位、科学的课程设计、优秀的教师团队、严格的教学管理及卓越的办学业绩，赢得了学生和家长及社会各界的高度赞誉。学校多次被市、区教育局评为优秀美术教育机构、先进民办学校。学校获得中国美术学院社会美术考级中心授权为泸州地区***的***美术考级承办机构的资格。 学校目前面向全国加盟，各地已有多家加盟校。    我们的团队年轻、朝气、温馨又充满活力，欢迎有激情、有责任的你的加入，在这里实现你人生的价值！ 泸州市徐浩美术培训学校教育/培训/院校民营100-499人泸州市江阳区江阳中路30号2楼,3000,4500,3750.0,泸州,在校生/应届生,大专
平面设计师,,平面设计师,"岗位职责,1、参与公司创意策略的研讨和制定，负责品牌的平面设计；,2、负责公司公众号、网站推广的设计美化及创意性工作，可独立完成各类设计工作；,3、可根据公司策划思路和营销概念独立完成个案，充分理解创意意图并准确体现于创意设计中；,4、负责其他相关的美术设计方面工作。,任职资格,1、美术、平面设计相关专业，大学专科及以上学历；,2、有三年以上相关工作经验；,3、熟练使用各种制图软件，如photoshop、Sketchup、Coreldraw、Indesign、llustrator等；,4、热爱本职工作，工作细心、责任心强；,5、具有较强的理解、领悟能力、工作协调能力和创造力；,6、有独特的审美，时尚前卫，对营销，品牌策划感兴趣，有阅读，鉴赏电影，音乐，画展等爱好。, ",爱生华（苏州）光学有限公司,合资,少于50人,医疗设备/器械,"爱生华(苏州)光学有限公司，国内***的新型硅水凝胶隐形眼镜产业化基地。公司由多位隐形眼镜和视光学生命医学材料行业高端美籍博士专家创办，将打造国内先进、世界一流的硅水凝胶隐形眼镜和人工晶体产品。在过去8年，我们的创业团队，为全球行业领先者提供高纯度硅水凝胶及其匹配的视光学材料，是全球著名新型硅水凝胶隐形眼镜关键材料的原创提供商，也是英美行业巨头公司长期合作伙伴。团队工厂运营管理经验扎实、研发管理经验先进、质量控制经验纯熟，专业化程度高，实战能力强。我们还走在创业的路上，但这却是一个持续性蓝海产业。一流海归专家团队营造开放、专业工作氛围。严谨系统的培训体系训练出一批80后核心中坚力量。公司创业团队吸引了众多国内外的有识之士的加盟。年轻力量持续为公司创造价值，也为自己赢得了丰厚回报。Colorful world, bright life! 我们在这里等你！",5000,8000,6500.0,苏州,3-4年经验,本科
市场专员,"员工旅游,社保,做五休二,绩效奖金,年底奖金",市场/营销/拓展专员,"任职要求：,1、大专以上学历，市场营销、广告学、新闻传播学等相关专业,2、2年工作经验以上，特别是在教育行业经验,3、 对市场营销的各个领域有基本的了解,4、 具备快速自主开展工作的能力，及时满足工作需求,5、良好的职业操守和沟通技巧，愿意在公司长期发展,公司福利：,1. 作息时间：弹性上班时间8小时，双休，朝九晚六，享受国家法定节日,2.职业发展：完善的员工晋升机制，巨大的纵横向发展空间,3.培训学习：新员工入职免费培训，不定期职业学习管理培训,4.员工福利：定期组织团队聚餐，户外拓展跟国内外旅行,5.薪资福利：享有绩效，年终奖金,6.团队氛围：满是热血，工作强劲，充满活力年轻团队",广州和润文化咨询服务有限公司,民营公司,50-150人,"政府/公共事业,影视/媒体/艺术/文化传播",广州和润文化咨询服务有限公司总部坐落于广东省广州市天河区中信广场，主要负责企业管理服务、企业管理咨询服务、策划创意服务商务咨询服务等创意策划业务及咨询服务等主营业务，同时也是一家专注人才引进的多元化创新公司。依托品牌战略规格管理能力、营销传播内容策划创意能力、整合营销传播执行能力等核心竞争优势，我们为互联网、金融、文化旅游等众多行业的客户提供专业及优质的品牌战略规划与管理、大型活动策划与创意设计、整合营销传播策划等品牌管理与整合营销传播综合服务。和润自成立以来，利用强大的行业资源和深厚的专业背景，致力于提供丰富、专业的全方位、一站式服务，借鉴国内外成功的经验，依托独创的经营理念和完善的管理体系，拒绝空谈，竭诚为国内各行业客户提供更有价值的服务。获得全国人力资源诚信服务示范单位中国就业培训技术指导中心开办技能培训学院广州思彦文化产业控股有限公司总部坐落于粤港澳大湾区的广州市天河区，艺术展厅位于广州市大学城，是国内外最具有影响力的文化艺术专业门户及活跃互动社区，是获取艺术资讯的首选平台，是文化艺术收藏投资及爱好者不可或缺的重要媒介。我们秉承“求真·务实，诚信·共赢”的发展宗旨，以从事艺术品投资、交易、展览销售、保真交易、宣传策划、鉴定评估、委托交易等一系列专业化服务，打造强视觉、超震撼、互动性、趣味性的品牌艺术，致力于艺术品流通节，整合各方优势资源，有效地拉近创作者和大众市场之间的距离，为追求高品质生活方式的普通消费者提供一个物畅其流、物尽其用的高层次、高品质的消费平台，为收藏家和艺术品从业机构提供一个健康、良性、高效的流通平台。现公司致力于发展美术教育培训，自主研发教育课程，针对各个年龄段学员为他们打造一套最适合他们方案，在这里有专业老师一对一进行辅导，师资力量非常雄厚，是八大美院毕业高材生。,10000,50000,30000.0,广州-天河区,1年经验,大专
营销创意导演（二次元游戏向） (职位编号：66412424),,市场/营销/拓展主管,"1.负责公司游戏宣传素材的创意策划相关工作（包含视频、艺人、,、,、等），并看得懂品牌的营销策略，找得到来自玩家的洞察。,2.参与各游戏项目，能够为其提供成熟的视频脚本创意并视觉画展现，跟进视频制作效果的实现与把控，让创意完美落地；,3.参与二次元游戏向、虚拟偶像、,站、短视频等相关策划及创意脚本,4.具有高阶的审美和开阔的眼界,1.热爱游戏，对于二次元文化有深刻的见解；具备二次元风格视频的创意策划能力，了解泛二次元文化,2.能够熟练应用镜头语言，把控镜头节奏，独立完成视频脚本策划及文字脚本书写 ,3.了解视频制作流程，熟悉了解,，,，3Dmax，,等音视频编辑软件和特效制作软件,4.热爱创意工作，做过多个创意相关岗位的专家型人才；脑洞清奇、创意新颖，具有对影视、游戏行业营销发展的分析能力,5.逻辑思维清晰，善于沟通、协作，富有工作激情,6.编剧、导演、广告、传媒、动画等相关专业，,年以上游戏或广告行业的工作经验优先",完美世界（北京）总部/完美时空,外资（欧美）,,影视/媒体/艺术/文化传播,完美世界（北京）总部/完美时空诚聘,15000,20000,17500.0,北京,2年经验,本科
BIM机电工程师,"五险一金,交通补贴,餐饮补贴,通讯补贴,周末双休,住房补贴,加班补贴,周末单双休","建筑机电工程师,机械工程师","1.协助项目负责人完成机电专业的模型绘制及管线优化等工作，包括但不限于图纸问题的整理、碰撞分析报告、净高分析报告、管线优化、模型出图、支吊架设计等；,2.配合项目负责人进行现场汇报工作，个别项目需要外省驻场，,3.必须按时保质保量完成项目负责人交代的工作，个人的事情个人负责好，配合起来都会很轻松；,4.配合项目进行汇报展示工作，包括但不限于获奖材料的编写、动画展示（有人带）、方案配合、现场演示、视频会议等等；,5.具备良好的沟通能力，能够独立负责项目过程中与甲方的协调沟通工作（主要包括项目过程中的图纸问题沟通、项目汇报中的现场沟通、签证变更等）；,工作年限：工作年限要求为1~3年，且至少完成过1~2个项目的机电建模及管线综合等工作；优秀应届毕业生我司也考虑，但必须为电气专业且对Revit、Cad等软件操作比较熟练 ",福建省掌经天下资产管理有限公司,民营公司,500-1000人,"专业服务(咨询、人力资源、财会),互联网/电子商务",福建省掌经天下资产管理有限公司是专业从事企业互联网服务的一家公司。近年来，在全国各地（港、澳）得到了广泛认可，产品质量得到了用户的 一致信赖；并以一流的服务，独特的创意获得了广大客户的称赞。,3000,8000,5500.0,西安-经济技术开发区,2年经验,NA
美术老师,"股票期权,年终奖金,绩效奖金,专业培训,员工旅游,寒暑假,生日福利,节假日福利,五险一金",音乐/美术教师,"岗位职责：,1、 编制4-18岁少儿美术培训课程教案，并根据教学计划完成教学任务，善于开发新课程，有自己的教学风格，工作积极主动热情，具有团队协作精神。,2、负责教室定期更新布置与学生画展布置，课前备课、课件执行、课后总结。                                    ,3、定期与家长沟通学生学习情况，学员关系维护，提高学员后期课程续课率，协助学校进行宣传和招生工作。,4、教具、教学设备以及其他教辅产品的课前准备、交接、课后整理。,任职资格：,1、美术学、油画、国画、艺术设计、雕塑等相关专业大专及以上学历，具有扎实的美术基本功及创作功底，优秀的教学能力和良好的职业道德素养。,2、热爱教育行业，热爱少儿美术教育，喜欢孩子，有亲和力，爱心和耐心，工作积极主动，有良好的沟通及解决问题的能力。,3、1年以上少儿美术教学经验，有创新思维；有美术教师资格证优先 。 ,薪资福利：,1、综合薪资全职5-8K，助教3-5K，***120-260元/课时。,2、完善的社会保险。,3、国家规定的法定节假日。,4、提成、奖金、分红、股权等多种福利。",成都平梵教育科技有限责任公司,民营公司,50-150人,教育/培训/院校,我们是中国领先的科技教育企业，以科技驱动为核心竞争力，专注于艺术教育行业，中国创新艺术教育体系创导者。公司牵头艺术专业高等学府以及教育相关部门机构，以互联网商业模式做艺术教育践行者。联合多家投资机构共同打造中国艺术教育服务平台，现已完成数百万天使轮投资。公司目前主要针对4-12的少儿以及成人的艺术教育培训，采取和社区合作的方式，目前在成都已有20多家校区（天使卓越国际学校），课程包括美术、声乐、乐器、舞蹈、书法等，后期还要开设一些文化课程。,5000,8000,6500.0,成都-金牛区,1年经验,大专
钣金结构工程师,"员工旅游,餐饮补贴,绩效奖金,年终奖金,补充医疗保险,包吃,包住宿,加班补贴","结构工程师,产品工艺/制程工程师","1、从事钣金深化1年以上；,2、熟练相关设计软件CDR、CAD等；,3、工艺设计、平面设计、结构设计；,2、样品打样跟踪和改进；,4、会拆件、画展开图。,5、项目沟通及领悟能力强",深圳市和美特标识有限公司,民营公司,50-150人,广告,深圳市和美特标识有限公司创办于2006年，2012年入驻“城市标识产业（深圳）联合基地”，主要从事钣金制品加工、标识产品设计制作、品牌终端形象展示道具制造及城市公共设施的生产制造企业。公司广泛应用于商业区域、地产项目、旅游景区、办公楼宇、工业园区、医院区域、校园区域、城市公共设施等领域。本着对产品工艺精益求精的执着追求，公司引进了剪、折、刨、铣、钻、冲、激光切割等进口全数控精密生产设备，现已建立并完善生产、质量、服务等管理体系，拥有***的技术研发人员，专业的销售团队，销售网络遍及全国各个省市。    公司以“以和为贵，以美为尊，以特为先”为经营理念，以“为客户创造价值，为员工创造机会，为社会创造效益”为宗旨，以全面实现顾客满意为目标，以实现公司、客户、员工的共赢为己任，坚持以“ 品质佳、服务好、交货快、价格优 ”为务实经营方针。    与时俱进，锐意进取，和美特愿与您携手共创佳绩，共享城市生活的精彩！,6000,8000,7000.0,深圳-光明新区,1年经验,大专
三维动画师,五险一金,影视策划/制作人员,"岗位职责,1根据项目要求可以独立完成三维动画设计，包含人物、大场景、单体部件等动画展示；,2参与三维场景、模型的设计与制作；,3有效的处理场景效果。,任职资格,1、大专及以上学历，美术类、设计类相关专业，有1年以上相关工作经验；,2、熟练使用3DMAX、Photoshop等软件工具；有工程施工动画制作经验者优先；,3、具有一定的美术功底，优秀的色彩感觉，较强的三维空间想象力和创造力；,4、熟练掌握材质、灯光的运用，对3D场景建筑建模和贴图、动画、特效均有一定的认识；,5、有责任心，沟通协调能力强，具有较强的团队合作精神。",福建省全趣网络科技有限公司,民营公司,少于50人,"计算机软件,互联网/电子商务",福建全趣网络主要从事软件、游戏研发、互联网平台运营。是一家朝气向上的创业型公司,5000,8000,6500.0,福州-鼓楼区,2年经验,大专
钣金工程师,,室内设计,,苏州金近幕墙有限公司,民营公司,150-500人,"原材料和加工,建筑/建材/工程",苏州金近幕墙有限公司成立于1992年，是国内最早从事金属内外铝板、金属吊顶板的生产、设计并可提供安装服务的专业化公司之一，优良的质量、良好的服务、快捷的供货取得了建筑装饰行业的认可和赞誉。,5000,10000,7500.0,苏州-相城区,2年经验,中专
聘美术老师4k至6k包住加五险,"五险一金,包住,专业培训,绩效奖金,团建,晋升","音乐/美术教师,小学教师","岗位职责：,1、规范完成3-12岁幼少儿美术教学课程（创意儿童画、漫画、素描）的设计和教学计划；,2、因材施教，观察学生潜能，引导学生的创作和创意思考，充分尊重学生的创作思路和理念；,3、负责与学员及家长进行沟通，了解相关需求、意见并及时反馈教学情况；,任职资格：,1、大专以上学历，至少1年以上少儿教育培训机构美术教学工作经验；,2、熟悉儿童画教育方法及孩子沟通技巧；,3、沟通能力强，亲和力强，和孩子及家长沟通非常顺畅，受家长信任；,4、有创新能力，组织能力，能开展各种写生、画展比赛活动；,薪资待遇：,无责底薪+课时费+高提成 ",长沙市天心区多艺猴艺术体育培训学校有限公司,民营公司,150-500人,教育/培训/院校,"[多艺猴艺体教育连锁机构]是一一家专业艺体教育连锁机构，历时12年积累沉淀，秉承连锁化经营管理模式，科学的课程设置，专业的教学团队,优雅的教学环境，给家长和孩子提供专业的教学课程、课后服务。本中心是湖南省跆拳道品牌培训学校、湖南省高丽跆拳道联盟理事会员单位、指定考级单位，中国艺术科技研究所全国书画考级中心，报名培训点。多艺猴少儿艺体教育致力于提高青少年的文艺兴趣和艺术素养，以培训孩子兴趣为目标，培养孩子专业为方向的办学宗旨。秉承“更懂孩子的世界""教学理念，以小班制教学并融入礼仪课程、感恩课程，户外训练等综合素质训练课程,使孩子们全面发展。  目前在长沙、湖北、山西、怀化、株洲等地开设50家分校，团队成员100人，在校学员6000余人。欢迎有志青年都能加入多艺猴这个有温度的大家庭，只要你来，我们就给你平台创造属于你的价值。",4500,6000,5250.0,长沙-天心区,1年经验,大专
BIM建模师,,建筑制图/模型/渲染,"岗位职责,1、能熟悉使用CAD，看懂图纸并根据图纸翻模。,2、按照BIM标准，组织搭建结构专业BIM建筑信息模型。,3、配合招商、设计、物业管理进行模型建立、渲染、漫游等效果展示。,4、交付设计BIM成果，协助完成项目各阶段BIM技术服务工作。,5、 完成部门分配的项目任务和临时性工作。,任职资格：,1、本科及以上学历，建筑、结构、机电等相关专业；,2、熟悉AutoCAD、revit、navisworks、fuzor、lumion等相关BIM软件，掌握相关的BIM整体协作知识与理念。,3、能看懂及理解建筑图纸，具备BIM模型应用管理能力、利用BIM模型进行施工模拟、方案分析、动画展示等工作。,4、有强烈的工作责任心，敢于承担，有良好的自学能力和接受新事物的能力，可以根据公司的需求，自发学习新技术。,薪资待遇：,1、试用期一个月，月薪4000元，转正后月薪6000-13000元.,2、本机构免费提供住宿，如自住距离本机构较远的，请考虑日后上下班的实际问题慎重应聘。,3、可提供宿舍；节假日有节日福利；年中旅游。,4、每月为员工提供话费补贴、住宿补贴、颁发满勤奖、业绩奖励，为员工举办生日聚餐。,5、拥有超大办公面积，高档精装修办公环境，拥有员工活动室、员工休息室、茶水间、咖啡吧台等休息娱乐场所。",福建省东海海洋研究院,民营公司,50-150人,"环保,学术/科研",福建力普检测有限公司是2005年经福建省质量技术监督局CMA强制认证的省一级环境监测单位，所属实验室取得共计11类553个数据的计量认证，主要监测范围涉及海洋环境、水及废水、大气及废气、噪声和振动、电磁辐射、固废和危废、土壤和底泥、职业卫生场所、装修材料污染、室内环境等环境监测。福建力普司法鉴定所于2009年取得福建省司法厅颁发的环境司法鉴定资质，证书编号为350109023。主要资质范围为环境物证、污染损害及修复评估鉴定。 2014年1月力普通过国家环境保护环境污染损害与修复鉴定重点实验室验收，主要任务是：以人类活动主导下的环境污染损害及修复为对象，开展污染损害监测与评估、环境污染的原因与过程、污染修复与实施方案、污染造成的损害鉴定与评估的研究，为解决国家以及区域重大环境污染污染造成的损害鉴定及污染修复问题提供技术支撑。福建力普环境检测有限公司所出具加盖CMA章的报告具有法律效力，可作为项目环境影响评价的本底调查监测依据，建设项目环保竣工验收的依据、项目施工期跟踪监测依据，体系认证及清洁审核机构的审核依据、排污单位年检换证的监测依据、装修工程室内环境验收依据、环保治理产品成果鉴定。当发生重、特大环境污染事故时，福建力普力普司法鉴定所出具的加盖司法鉴定专用章和国家注册司法鉴定人签字的鉴定报告将作为涉及刑事、民事的环境污染案件提供重要的法律证据和诉讼证据。 力普拥有大型环境综合实验室，配备原子吸收分光光度仪、离子色谱仪、气—质联用系统、气相色谱仪、低本底多道伽玛能谱仪、辐射测试仪、场强分析仪、频谱声级计、可见光光度计、FD216京核测氡仪、四通道大气综合采样仪、热解 吸仪、电子分析天平、测油仪等一大批专业分析仪器。所属实验室已达到一流的环境权威综合实验室。,6000,12000,9000.0,福州-闽侯县,1年经验,本科
市场主管,"五险一金,绩效奖金,员工旅游,专业培训",市场/营销/拓展主管,"1. 根据计划，指导并实施区域内的市场宣传工作及品牌推广；,2. 通过各种渠道进行品牌建设，树立品牌知名度，拓展市场客户；,3. 组织安排各类市场活动，如写生、画展、扎染等,4.主要负责兼职团队的管理,上六休一,周二—周五13.30-20.30,周六周日9.00-6.30,任职要求：,1. 有教育行业市场推广经验者优先；,2. 有一定的市场分析能力、创新能力、团队协作意识与执行能力，逻辑思维能力强；,3. 踏实肯干，敢于面对挑战，具备较强抗压能力；,4. 与团队成员共同努力完成任务。",苏州艺之翼美术培训有限公司,民营公司,50-150人,教育/培训/院校,苏州艺之溢思维美术，2008年起源于深圳，2013年正式成立于苏州，是一家以为3-16岁孩子量身定制的美术教育品牌，拥有规范、系统、成熟的教学、教研、教务体系，以“艺之溢思维美术”为品牌名称，积极倡导和推动“保护孩子原创性，激发孩子创造力”这一宗旨来推动中国美术教育的发展；公司员工95%以上均为本科及以上学历，平均年龄25岁，经过6年多的发展，公司已形成自有品牌“艺之溢思维美术”，目前已成立直营校区6家，2019年9月开启全国加盟，已有5家加盟合作单位，公司目前处理快速发展阶段，急需优秀人才加盟。我们没有舒适的工作环境，但是我们有宽松的工作氛围，我们每天与小朋友一起工作成长；我们没有不限量供应的下午茶，但是我们有每月一次的团建活动；我们没有各种补贴，但是我们有高于同行业至少20%的薪水；如果你想成为一家公司的创始团队，请加入我们！如果你想成为一个行业的领军人物，请加入我们！如果你想成就自己不凡的人生事业，请加入我们！据说创业公司的死亡率是90%，但让我们特别庆幸的是，从13年到现在我们属于那10%——在还没有接受任何风险投资的情况下。我们一直有个观点，创业，就是同类人和同类人的集合，人有基因的气质，公司同样也有基因和气质。如果你也和我们一样，热爱生活，享受工作欢迎加入我们！我们相信你一定明白——跟谁在一起工作，到底有多重要！,5000,8000,6500.0,苏州-工业园区,2年经验,大专
钣金工艺工程师,"五险一金,免费班车,通讯补贴,绩效奖金,年终奖金,专业培训",其他,"工作内容：,1、钣金工艺制定及工时定额；,2、编制作业指导书、绘制展开图；,3、钣金加工现场技术跟进,4、现场工艺监察及改进工作；,5、其他临时性工作。,任职要求：,1、大专及以上学历，机械相关专业；,2、具有较强的机械识图能力，熟悉钣金类加工设备，可以画展开图和制定钣金工艺；,3、2年钣金加工工作经验。",深圳领威科技有限公司,合资,1000-5000人,机械/设备/重工,力劲集团1979年创立于香港，经过近三十年的发展，现己成为拥有香港力劲、深圳力劲、领威科技、中山力劲、上海一达、宁波力劲、 阜新力劲、台湾力劲及海外之美国分公司、加拿大分公司等十几家营运公司，以生产注塑机、压铸机为主的大型企业集团，2006年10月集团公司在香港联交所主板成功上市。力劲集团在深圳、上海、中山、宁波、阜新等地拥有大规模的独立的现代化研发及制造基地，在中国各地设有30多个客户服务中心；在海外20多个国家和地区设有营销与客户服务中心，为客户提供完善而及时的服务；为与全球客户的共同成功奠定了坚实的基础。力劲集团专业于精密注塑机、冷室压铸机、热室压铸机、镁合金压铸机的生产，产品广泛应用于汽车、摩托车、电子、通讯、航空、礼品、玩具等领域。集团已建立一套完善的产品研究开发、生产制造、品质保证及服务体系，1997年通过iso9001：1994质量体系认证；注塑机及冷室、热室压铸机均已通过欧洲ce产品认证；2002年通过iso9001：2000质量体系认证。热室压铸机现占据了东南亚压铸市场70％的份额；集团自主研制开发了中国***台镁合金压铸机，填补了国内空白，成为中国***家世界上屈指可数的高性能镁合金压铸机制造商。力劲镁合金压铸机研究项目入选国家经贸部《2001年度***重点新产品试产项目计划》；主持研究的“镁合金应用及产业化项目”已列入国家十五计划（第十七项重大专项）；镁合金高性能压铸机研究项目已入选国家火炬计划；集团产品曾三次荣获香港工业奖；2007年，力劲压铸机获得“中国名牌产品”称号。创办人刘相尚先生曾任香港压铸学会会长、香港塑胶机械协会会长、广东省机械工程学会压铸分会理事等社会职务，并于1996年荣获“香港青年工业家奖”；深圳力劲荣获“深圳市机械行业示范企业”、“深圳市高新技术企业”、“深圳市先进技术企业”、中山力劲荣获“广东省高新技术企业”、上海一达机械有限公司荣获“上海市高新技术企业”“外商投资先进技术企业”等称号。力劲集团实施科技领先战略，投入巨资成立企业技术中心，积极开展与清华大学、北京化工大学、香港理工大学、华南理工大学等科研院校之间的技术合作，就注塑成型、特种铸造、自动控制、材料技术等领域进行深入研究，进一步提高产品的科技含量与企业的核心竞争力。其中，投资了1000万余元***与清华大学联合成立了“清华－力劲压铸高新技术研究中心”，专项开发压铸新技术，目前已经硕果累累，取得了30多项自有专利技术。在注塑成型方面也取得了20多项自有专利技术。并在数控机床、直升机、智能机器人研发等领域也取得了扎实的进展。“振兴民族工业、成就国际品牌”是我们力劲人共同的奋斗目标，我们相信：竭尽全力，一切皆有可能。公司发展离不开优秀人才的支持，我们始终坚信：世界上没有垃圾，只有放错位置的财富。现诚邀优秀学子加入到我们公司，为公司再铸辉煌贡献一份心力。        真诚的邀请机械压铸行业精英加盟，力劲集团的发展壮大道路上需要我们携手共进和共同努力的拼搏！,6000,10000,8000.0,深圳-龙华区,NA,NA
钣金工程师,,"工程/设备工程师,冲压工程师/技师","1、负责对新项目的成本分析、旧产品的核价和DFM；,2、负责协助PM召开新产品导入、结束、转量产的技术会议；,3、参加样品产前会议、样品结束后检讨会、小批量试产准备会,议、小批量结束后总结会议。样品拍照并建立文件夹存档，为小批量或量产编制SIP提供依据。做小批量试产前装配段首件检验，样品出货检验执行，样品品质异常改善追踪；,4、负责对应客户的项目在NPI阶段的项目的管理、跟进以及问题反馈，与客户在前期产品开发阶段项目合作的沟通；,5、负责对工程样品、量产、设变资料的制作(出标准工程图、BOM、产品工艺路线、展开图、DFMEA等)；,6、负责NPI阶段客户所需FAI资料或技术承认书的签核；,7、配合工程主管完成本小组其它工作任务的完成。,岗位要求：,1、3年-8年以上相关工作经验；有加工标准机壳1U和2U多年工作经验,2、熟练钣金等五金件的加工工艺；会画展开图;,3、工装夹具，对压凹和压包打样易摸等生产辅助设备设计,,4、熟练操作office常用办公软件（word、excel、ppt）；,5、熟练操作 CAD 、Creo Parametric 绘图软件。,6、会核算成本和非常独立处理项目优先,要求：善于和客户和同事沟通，善于对机箱尺寸和公差配合，善于发现客户图纸问题点，善于处理生产问题，积极处理自己的项目，多多和客户沟通，了解产品问题点把产品做好。",深圳市弘新五金制品有限公司,民营公司,150-500人,原材料和加工,深圳市弘新五金制品有限公司座落在繁华的经济特区深圳市光明新区，经过15年的辛勤耕耘，现已成为 I T 相配套外壳制造业里有相当影响力的公司之一。公司拥有厂房20000多平方米，有训练有素近500人的团队。其中有30多名专业型技术人员，组成了工程部强有力的骨干力量，为设计与开发出优良产品奠定了坚实的基础。拥有25-200吨位冲床近80台；钣金工艺设备精密齐全：切、折、铣、钻、冲、焊等机械设备40余台；喷涂丝印全功能半自动线4两条；自有模房：火花机、线割、精密大小磨床、钻床、铣床等先进加工设备，先后开发出3000余套模具，品种规格齐全，月产能近120万套产品。汇集同行业有资深经验的技术及管理人才，目标与人性化的管理，齐心双赢共同发展法人代表: 郭昌云;业务性质: 金属件的冲压/数冲制造;经营方式: 加工制造;注册资金: 200万元人民币;厂区面积: 20000 ㎡;年 产 值: 1.3亿(人民币)）2017年度主要设备：冲床、剪板机、折弯机、液压切割机、数控冲床、数控折弯机、各种焊接设备、线切割机、铣床、磨床等配套静电喷粉、喷油、丝印。主要产品：通讯网络、电脑、电源、家用电器、音箱、电力等相配套机箱、相柜、网络交换机、路由器、光纤收发器外壳。,8000,10000,9000.0,深圳-光明新区,3-4年经验,大专
游戏动画师/3D动作师,"包中晚餐,绩效奖金,五险一金,年底双薪,节日福利,员工旅游,弹性工作,舒适办公环境",动画/3D设计,"岗位职责：,1、根据美术需求独立完成动作设计，包含角色、场景、道具等动画展示；,2、对运动规律有深刻认识，有动作与表情的表演天赋和能力，有良好的透视和镜头感；,3、负责与特效程序完成动作最终输出。,任职要求： ,1、1-3年以上游戏或动漫影视行业工作经验，对待工作认真负责，学历不限； ,2、熟练掌握人物、怪物、物体等动画运动规律，能较好的运用镜头及角度； ,3、具备较好的美术基础，对视频的镜头、节奏、色彩、画面、创意等有较好的把握；,4、有良好的团队协作能力和创新意识； 熟悉3D特效及粒子系统者优先。",上海弘贯网络科技有限公司,民营公司,500-1000人,"网络游戏,互联网/电子商务","6kw游戏，成立于2014年，是一家集手游资源共享、交互、发行为一体的综合性互联网企业,旗下涵盖页游、手游、H5游戏等专业游戏知名运营平台，拥有手游国内外发行、H5开发、新媒体等成熟经验，并于2016年平台流水突破千万，活跃用户已经突破100万，2019年6月单款游戏日流水突破1000万。目前员工规模将近500人。    6kw游戏拥有专业的商务、运营、市场、技术团队以及庞大的优质资源，游戏发行国内外，公司主要业务：精品小游戏研发、国内外手游的运营、买量和发行，陆续请到大牌明星代言，主要运营《三国志名将令》《英雄祭坛》《鼎力三国》等多款游戏，期待您的强强加入！    通过不断的探索以及对自身的锤炼，6KW游戏不断提升自己运营实力，尽心竭力；在百家争艳的旋涡中躬体力行，6KW人在前进！    6KW游戏，一起游戏一起玩！我们的宗旨：对用户：作为服务商，我们的理念是：志弘钵溢，贯满赢连！对员工：作为人才孵化园和生活掘金地，我们的要求是：公司提供舞台让你成为行业翘楚！对公司：作为企业，我们的目标是：立足国内、放眼全球，用前瞻的互联网思维打造业内一流游戏服务供应商品牌！为什么选择游戏行业？1、近年来产出富豪最多的行业主要为房地产和游戏行业，选行业当然选不缺钱的行业；2、兴趣和职业合在一起是最幸福的事；3、您可以一边工作，一边玩游戏，工作有时候就是玩游戏，“奉旨”玩游戏；4、在游戏的世界，您有机会主宰一切，您就是“主宰”；5、游戏行业高速发展，您个人的提升将像过山车一样刺激、惊人，这本身就是一种人生与职业的“游戏”，资深的游戏行业从业者，高月薪易如反掌，如果您不喜欢游戏，没关系，只要您有才华、有能力，我们同样欢迎您，您可以在这里获得比传统行业更加迅猛高速的个人发展，良禽择木而栖，选择栖息地，请选择一棵枝繁叶茂的大树；6、最牛的玩家都在游戏公司了，您在这里可以结识一帮志同道合的武林高手，笑傲江湖；7、在游戏公司玩游戏，零阻隔网速，高端电脑配置，岂是一个“爽”字了得！为什么选择我们？ 1、岗位标配：具竞争力薪酬+年终双薪+绩效奖金+五险一金+包中晚餐 2、工作时间：每天8小时工作制，早上9：30上班，完美错开上班高峰期； 3、薪资待遇：每年多次调薪机会，你的能力决定你的薪资上限； 4、晋升通道：完善的晋升机制，纵向可向管理层发展，横向可向其他部门职位发展； 5、假日福利：带薪年假、带薪病假，婚假、产假以及其他国家法定节假日； 6、专属福利：团队活动基金，生日会、年会、下午茶、员工旅游等； 7、吃货福利：公司设有自助零食货柜，让你随时随地享受当吃货的乐趣； 我们一直寻的就是你！简历请投递至邮箱：hr@6kw.com可关注微信公众号：club6kw",6000,10000,8000.0,广州-天河区,1年经验,NA
工艺员,"五险一金,弹性工作,绩效奖金","结构工程师,装配工程师/技师","1、按照生产任务单，负责产品工艺分解、转序卡审核、样品试制跟踪和工装夹具的设计； 2、负责生产现场工艺技术问题的解决； 3、负责产品图纸分析、折图、画展开图； 4、负责车间员工的技术培训和技术指导； 5、负责公司自制件的设计、生产指导、安装监督工作； 6、负责产品工时定额的制定。,任职要求：, 1、大专以上学历，机电类专业； 2、2年以上生产现场技术指导或工艺员相关的工作经验； 3、熟悉车间各项工艺工序流程及操作；熟悉钣金工艺； 4、熟练使用Access数据库、SAS、SPSS等统计分析软件；熟练使用CAD、Excel等办公自动化软件； 5、熟悉工艺管理、工时定额管理； 6、掌握一定的生产管理知识。",江苏玖盛电器有限公司,民营公司,150-500人,"交通/运输/物流,汽车",江苏玖盛电器有限公司（以下简称公司）是铁路总公司/铁路局定点生产企业，公司成立于1995年6月，系股份制企业，公司成立以来，产品经过多次更新，企业多次变更。目前，公司主要生产铁道/城际/地铁等轨道交通车辆用照明设备。    公司座落在国家轨道交通产业基地——江苏省常州市，北邻长江，南邻京沪高铁、沪宁铁路、沪宁高速公路、京杭大运河和常州空港，交通便捷。公司占地面积30000平方米，现代化标准厂房18000平方米。拥有灯具装配二条生产装配线，固定资产8000多万元。    本公司现有职工152人，其中管理、技术人员28人，质量检验人员8人。目前已形成年产嵌入式荧光灯具、LED灯具等产品10万只的生产能力。所生产的嵌入式荧光灯具和LED灯具主要与各铁道/城际/地铁等轨道交通车辆机厂配套，部分产品实现外销；经过本公司的不懈努力，产品质量稳定已赢得顾客的认可，产品逐步在客户和同行业中享有较高的知名度。    为了保持企业基础管理水平提高和企业的发展，公司将全面按照IRIS Rev.2.1 、ISO9001:2008 idt GB/T 19001-2008、ISO14001:2009 idt GB/T 24001-2004和GB/T 28001-2011标准以及CRCC及CCC产品认证工厂质量保证能力要求建立和保持管理体系的运行，以全员参与为基础，以持续改进为主题；以过程控制为手段，以顾客满意为目标”的经营理念，保证以优异的产品质量和服务质量满足顾客的需求和期望。,4000,6000,5000.0,常州,2年经验,大专
书院校长,"带薪年假,绩效奖金,节日福利,员工旅游,五险",校长,"岗位职责：,1、负责整个书院的运营及管理；,2、做好书院培训和教务管理，开展好书画展览、学术交流与研讨以及学员跟踪服务等工作；,3、根据行业情况，有效开展书院一切宣传等活动；,4、负责落实书院行业年审工作；,5、对院长负责，贯彻落实书院各项规定和政策。,任职要求：,1、大专及以上学历，专业不限；,2、热爱国学，具备良好的沟通交流和组织协调能力；,3、熟悉民非组织相关政策规定；,4、2年以上相关行业工作经验及团队管理工作经验；,5、能承受工作压力和非固定工作时间安排。",郑州市中州通讯有限公司,民营公司,150-500人,"电子技术/半导体/集成电路,批发/零售",郑州市中州通讯有限公司最早成立于1995年，是河南省知名民营企业之一。公司注册资金100万元，公司法人彭井思，股东彭书芳。公司主要经营范围为通讯器材的批发零售和维修，代办移动业务。郑州市中州通讯有限公司是郑州市“优秀诚信单位”。公司自成立以来，始终秉承“诚信经营  服务至上”的理念，现已发展成为具有良好社会信誉，集商贸服务为一体的大型民营企业。自营连锁店面及销售网络覆盖郑州市主要交通干道。2018年3月，郑州市中州通讯有限公司被消费日报社、消费日报网评为“质量诚信示范单位”。2019年3月，郑州市中州通讯有限公司被河南3.15公益活动组委会授予“3.15公益维权联盟单位”。随着5G业务的兴起，手机行业又迎来了一个新的蓬勃发展的机会。郑州市中州通讯有限公司在与各运营商建立战略性的友好发展关系和业务合作稳定发展的前提下，以手机捆绑话费形式深入展开合作，以建立合作营业厅全业务整合，公司业务也有了质的飞跃。在致力于建立运营商合作营业厅的同时，中州通讯为给消费者提供更优质、更全面的产品链而不断的努力着。在与华为品牌强强联合开设河南省首家华为授权体验店之后，2018年，中州通讯又与小米品牌共同在二七商圈开设首家“小米之家”专卖店，并成功拿下小米品牌授权售后服务中心。此外，中州通讯还构建了电商平台，线上线下相互融合，积极创新通讯产品营销新模式。近年来，移动互联网对人们的生活影响很大，智能手机也发生日新月异的变化。虚拟运营商的发力，互联网手机充满活力，通讯市场将迎来红红火火的一年，对于中州通讯来说，充满着机遇。纵观，中州通讯二十余年来的发展历程，中州人为之自豪，中州人仍会一如既往的坚持“诚信经营、信誉至上”的理念，把“中州通讯”这个名字推向一个新的高潮。,15000,20000,17500.0,郑州-二七区,3-4年经验,大专
策划专员（芥墨艺术馆）,"五险一金,绩效奖金,带薪年假,节日福利",展览/展示/店面设计,"岗位职责：,1、负责集团下属芥墨艺术馆水墨画展览、明式家具展览等文案策划工作；,2、领导交办的其他工作。,任职要求：,1、本科以上学历，有较好的文字及策划能力，优秀应届生亦可；,2、对中国传统文化有兴趣，并愿意深入学习；,3、工作有责任心，耐心，品行端正。",南京垠坤投资实业有限公司,民营公司,500-1000人,"房地产,专业服务(咨询、人力资源、财会)",垠坤集团，于2001年成立，深耕产业地产开发运营与企业成长服务，拥有18大自营园区，共计100万㎡的产业载体，服务8800多家科技与智能制造优质企业。集团聚焦企业成长服务，构筑“申报服务+行业协会+产业活动+校友经济+金融服务+人资筹划”的六大服务平台，为企业打造“连接、服务、赋能”的全方位生态服务系统。全面发力智能制造工业园区开发建设，打造“好产业、好企业、好产品、好服务、好形象”的“五好”工业园区，致力于服务优质中小企业、推动区域产业升级、助力中国工业未来。公司依托良好的业界口碑和自身资源，已形成完善的产业链互动发展模式，如今版图再拓，立足南京，深耕长三角，布局京津冀，诚邀您的加入！,5000,8000,6500.0,南京-玄武区,1年经验,本科
影视后期,,后期制作,,沈阳春藤动画设计有限公司,民营公司,少于50人,"影视/媒体/艺术/文化传播,广告",沈阳春藤动画设计有限公司一直致力于为工业制造企业提供全案策划、图形图像、工业设计、动画设计的服务，在智能制造，工程机械，机床，压力容器、工业自动化等行业享有良好的品牌和声誉，业绩遍布全国，殊荣卓著。        公司在“专注、专业、服务、创新”发展理念指导下，进一步打造一体化专业服务体系，努力构建全新的行业服务和制作流程标准，努力成为一流的工业企业服务提供商，为中国数字图形图像的发展和制造业企业转型升级的建设做出贡献！        邮箱：chunteng3d@126.com,4500,6000,5250.0,沈阳,NA,NA
视觉设计师,,视觉设计师,"1、负责公司社区产品及移动应用相关产品的具体界面设计方案； ,2、为具体产品整体视觉质量负责，独立完成产品视觉走查和验收；,3、对现有产品进行体验研究和视觉改进，不断优化视觉质量。,任职资格：,1、全日制大专及以上学历，3年以上一线知名互联网公司UI设计经验； ,2、具备两个以上完成整的互联网产品UI设计案例；,3、对UI设计有深刻理解，能够独立完成具体单款产品视觉设计；,4、具备视觉方案动画展示制作能力者优先；,5、同时具备产品交互设计能力者优先；,6、知名美院及设计专业优先。",深圳荷花网络科技有限公司,民营公司,150-500人,计算机软件,深圳荷花网络科技有限公司办公室地址位于中国个经济特区，鹏城深圳，注册资本为500万元，公司成立以来发展迅速，业务不断发展壮大我公司主要经营网络信息技术开发、计算机软件的技术开发、电子商务平台的技术研发、物联网领域的技术开发、技术咨询、技术服务、技术转让;软件系统的开发和产品销售;智能设备及电子产品的技术开发及技术服务;人工智能医疗技术与产品的研发、销售和维护管理;信息技术咨询与技术服务、信息系统集成服务;,10000,15000,12500.0,深圳-宝安区,3-4年经验,大专
bim技术岗,"五险一金,交通补贴,餐饮补贴,通讯补贴,年终奖金,周末双休,三节福利,学历津贴,各类培训,绩效奖金","结构/土木/土建工程师,建筑制图/模型/渲染","岗位职责：,1.负责搭建基础、建筑、结构专业等BIM建筑信息模型；,2.协助项目各合作团队参与项目各阶段深化设计工作；,3.参与管线综合、四维模拟、工程量清单、施工模拟及动画展示等相关BIM技术应用；,4.参与以BIM技术解决空间造型、工程难度大的项目设计；,5.完成领导交办的其他工作，如：参与编制和修订公司重大项目技术标中相关技术要求；指导并评审重大项目技术标相关技术要求；进行重大施工工程或重大项目承包合同交底等。,任职要求,1.要求掌握Revit，Navisworks ，Lumion ，3ds Max，civil 3D，Tekla等相关BIM软件，其中Revit，Navisworks ，Lumion需熟练操作；,2.25-35岁，性别不限，工作经验不限，给排水与机电设备专业本科及以上学历，有建模经验或相关BIM比赛经验者优先；,3.具备良好的结果意识和抗压力、沟通能力；,4.具备良好的理解执行、团队协作能力及责任心和敬业精神，有良好的开拓创新、分析判断、学习成长能力；",中恒建设集团有限公司,民营公司,500-1000人,建筑/建材/工程,中恒简介：    中恒建设集团有限公司（以下简称“中恒建设”）是中恒控股集团核心企业，始创于1980年，注册资本5.18亿元，业务遍布全国28个省（市）、自治区，开设分支机构55个，并积极向海外拓展。公司具备建筑工程施工总承包特级资质，建筑工程、人防工程双甲级设计资质，同时具备市政公用、机电安装、钢结构、消防设施、装修装饰、地基基础、建筑幕墙等一级资质，已经形成了工程承包、设计、采购、施工、装饰等建筑全产业链服务能力，是国内领先的工程建设总承包一站式服务提供商，2017年，公司新签合同额突破160亿，完成产值120亿，是江西首家实现“双百亿”的民营建筑企业，江西省民营企业10强。    中恒建设奉行“质量铸造企业生命”的宗旨，先后创下包含鲁班奖、国家优质工程银奖、全国建筑装饰工程奖、浙江省钱江杯、湖北省楚天杯、四川省天府杯、江西省杜鹃花杯等全国各省、市级优良工程700余项。    公司贯彻创新引领企业发展的原则，开创了江西省建筑企业设立院士工作站、博士后科研工作站的先河，设立了BIM技术中心、装配式研究中心、绿色建筑施工工程技术研究中心。    中恒控股以“一体两翼平台化，百年千亿国际化”为战略目标。下设建设集团、产业集团、吉泰控股、中恒大学四大板块，形成多元化业务协同共进的产业布局。    中恒建设集团有限公司愿与社会各界朋友一起，携手共赢，共创美好未来！固定电话：87702212地址：南昌市红谷滩丽景路388号邮编：330038E-mail：hr@zhjs.com.cn公司主页：**********************,4000,8000,6000.0,南昌-红谷滩新区,在校生/应届生,本科
高级网页设计师（动画方向）,"五险一金,补充医疗保险,员工旅游,绩效奖金,年终奖金,弹性工作,定期体检,全年15薪,带薪年假,节日福利","网页设计师,交互设计师","岗位职责：,1、负责公司相关网站平台运营设计需求，具体工作包括网站设计、网页动画展示、宣传图片、插画、图标、LOGO等，输出规范的设计文档和切图标注文档；,2、跟进项目进度和后期更新维护，把控设计方案实施细节和呈现质量。,任职要求：,1、艺术设计、视觉传达、平面、动画设计等相关专业，三年以上工作经验；,2、良好审美能力，对新的设计趋势有敏锐的观察力和实际运用转换能力；,3、熟练运用图形设计软件和动画软件，独立完成视觉创意，会C4D等三维软件优先考虑；,4、能根据产品性质完成不同风格的设计要求；,5、丰富的设计经验，参与过多个大型项目的主要设计工作；,6、了解设计交互原理和用户行为心里学，并能灵活运用于设计方案；,7、需要提供原创设计作品。",成都正欣德信息技术有限公司,民营公司,50-150人,"计算机软件,计算机服务(系统、数据服务、维修)","成都正欣德信息技术有限公司是一家面向欧美市场的互联网软件公司。公司自主研发并销售的系统优化和安全类软件,现已成为欧美最流行的系统软件产品。2006年，Advanced Windows Care v2发布，通过用户口碑，迅速在欧美流行开来。2011年公司获得国际著名风险投资公司IDG数千万美元注资。2012年再获知名IT公司腾讯的战略投资，并建立战略联盟。公司业务正式延伸至游戏行业，且已取得了阶段性成果。2012年底，公司成功在香港上市，标志着正欣德以日新月异的速度发展成为世界一流的互联网上市公司。由于历来践行“打造员工最舒适、最向往的梦幻工作氛围”，公司2011年获得中国优秀雇主荣誉称号。我们为加入正欣德的每一个青年才俊提供最自由和***阔的发展舞台，提供行业内极富竞争力的优厚薪酬以及福利待遇，为员工的职业生涯提供一个跨越式的发展平台。目标愿景伟大的产品，卓越的公司正欣德核心价值观态度、执行力、杜绝办公室政治正欣德文化自由、公正、团结互爱为什么在正欣德工作？  1、加入高速发展的正欣德，使自己的工作能力和薪酬得到几何倍数的增长；2、做最酷的互联网软件行业，每天都让千万欧美人的生活因你而改变；3、成为顶尖技术人才或资深管理干将，职业发展道路任你选择；4、极具竞争力的薪酬，优越的福利待遇，完善的休假制度；5、我们没有办公室政治，只有出色的业绩；6、处处感受到自由和被信任，你可以用自己的方式做事7、处处感受到简单和平等的沟通，你可以随时随地与周围的人讨论问题，甚至与老板争论我们这里没有权威，只有真理；8、你可以穿你喜欢的衣服上班，不用西装革履；9、年轻的氛围，充满朝气的同事，你会发现在正欣德工作的每一天都如此有趣；10、公司位于城市CBD中心地段超甲级写字楼，近地铁口，交通便利，弹性的上班时间更可使你避开上下班高峰。HRQQ：1762163144全年15薪+每年一周带薪旅游+节假日福利+生日礼金+每月活动经费+每年一次体检+每周兴趣小组活动",7000,14000,10500.0,成都,3-4年经验,大专
UI设计师,,UI设计师,"  ,  ,  ,  ,  ,  ,  ,  ,  ,  ,  ",鼎新电能有限公司,民营公司,少于50人,"汽车,新能源",鼎新电能有限公司概况：通过科技驱动，以燃油产品为核心，提供普惠加油及便捷的一站式互联网+汽车后市场服务平台，为用户提供极致体验，旨在为广大车主提供便捷、实惠、贴心的生态服务，更好地满足车主消费领域的产品与服务需求。,8000,10000,9000.0,深圳-福田区,2年经验,本科
三维动画师,"交通补贴,餐饮补贴,通讯补贴,专业培训,绩效奖金,年终奖金,节日福利,带薪年假,弹性工作,全勤奖","动画/3D设计,后期制作","岗位职责,1.根据要求完成三维动画设计，包含人物、大场景、单体部件等动画展示；,2.参与三维场景、模型的设计与制作；,任职资格,1、大专及以上学历，美术类、设计类相关专业，有1年以上相关工作经验；,2、熟练使用3DMAX、Photoshop等软件工具；有工程施工动画制作经验者优先；,3、具有一定的美术功底，优秀的色彩感觉，较强的三维空间想象力和创造力；,4、有责任心，沟通协调能力强，具有较强的团队合作精神。",江西裕滔实业集团有限公司,民营公司,50-150人,多元化业务集团公司,裕滔集团 于2019年9月由“赛特思集团”更名成立“江西裕滔实业集团有限公司”，注册资金1亿元人民币，以“知行合一，敬天爱人”为企业使命，“裕承百年，滔行天下”为企业愿景，奉行“专业、诚信、协作、 创新”的经营理念，由集团创始人曹裕生先生于2002年12月在香港发起，是国内***批专注于商业地产综合服务的智慧型企业，2002至2019年间成功操盘省内外近100个商业地产项目，集团致力于商业综合服务的同时，通过产业整合与资本运作并举发展，现已发展为酒店、商业、地产、投资等四大版块产业集群。    裕滔集团 持有“裕滔”、“地铁时代”、“颜姿工匠”、“胖姥爷”等国家注册商标品牌及多项专利技术，旗下拥有7家全资子公司及5家股份合作公司，业务深耕江西，覆盖全国。    裕滔集团 经过17年的发展与布局，在“产业多元化、产品差异化、布局全球化”的发展战略指引下，稳健发展，不断创新，在产生经济效益的同时，积极参与社会实践及公益活动，累计捐款捐物百万余元，创造了良好的社会价值。,4500,6000,5250.0,南昌-青云谱区,1年经验,大专
平面设计师,"绩效奖金,全勤奖,餐饮补贴,带薪年假,五险一金,加班补贴","平面设计师,平面设计经理/主管","工作职责：,1、高效处理各类平面宣传的排版与设计。,2、负责企业内部活动与会议宣传物料的设计与制作（横幅、KT板、文化墙等）。,3、负责产品网站宣传相关平面的设计与维护。,4、完成包装类的设计延伸（赠品、中小样、促销品等）。,5、设计制作有助品牌宣传推广的助销物料（折页、单张、灯片、海报、画册、挂画、展架等）。,6、负责本部门设计修图工作，为品牌的网络推广进行有效的设计配合。,7、定期搜集与汇总国内外最新的设计资讯，不断提升专业素养和审美品味与商业表现力。,任职资格：,1.年龄要求为：25岁--30岁；,1.拥有美术、艺术设计、绘画等学历证书，正规设计类学院毕业，5年以上化妆品等快销品行业相关工作经验；,2.扎实的美术绘画功底，较强的色彩感觉，优秀的审美水平和学习能力；,3.熟悉Photoshop、AI、coreldraw等平面设计软件；,4.擅长形象海报、平面设计，活动喷画展架优先考虑；",广州菲尔曼生物科技有限公司,民营公司,50-150人,"快速消费品(食品、饮料、化妆品),批发/零售",公司简介：广州菲尔曼生物科技有限公司是一家以专业线为主、日化线为辅的化妆品企业，服务200多家线下高端皮肤理疗中心、SPA美容会所以及美容连锁机构。我们的团队目前不大，但即使在2020年上半年疫情期严重及团队人力不足的情况下，也仅用上半年疫情期的时间，完成了去年一整年的业绩，保持100%的增速。我们有一枚很可爱的90后老板，带我们吃小龙虾一个人可以吃8斤，天天嚷嚷着要唱歌直播做网红，让我们捧红他，你要是有这方面经验赶紧来解救我们，我们轮流请你吃小龙虾。我们有一个必将伟大的品牌（aoluoshi奥洛诗），这一点我们深信不疑，因为她能解救三甲医院和专业美容结构都不愿意收治的严重激素脸患者，虽然你现在网上搜不到多少关于她的资料。我们有一群才华与美貌并存的小伙伴，空有才华没有美貌的，有产品来解救。看到这里，那就走过不要错过，只要你足够有才华，有追求！我们不怕你年轻，毕竟现在就是后浪的时代，但是需要你有料，欢迎广大95后00后加入我们的队伍，相信80后的人事老阿姨看到你们会露出前浪的姨母笑。薪酬福利待遇：一【工作时间】：大小周，上午9:00-12:00；下午13：30-18:30。我们不提倡加班，只讲究专业高效，注重员工生活与工作的平衡。二【员工福利】：1.平日奖金+年终奖+年终分红；2.不整虚的，不拿50块钱礼物走过场，生日/传统重大节日均有礼金；3.年度旅游、团队活动、下午茶，都是标配。3.享受国家法定节假日；4.购买社保，让你即使是外地人，也有一张广州社会保障卡。三【机遇与挑战】1. 我们坚信创造价值才是硬道理，我们是事业伙伴，每一个独特的”你”都很重要。2.这里没有太多条条框框，晋升空间大，提升速度快，足够包容；3. 我们拥抱变化，充满活力，注重创新，散发正能量。四【工作环境】：1.位于白云区嘉禾望岗地铁站旁嘉大广场（嘉大城灰色大楼）B塔1303室，地铁有（2号.3号.14号3条线路，南北通透，交通方便）嘉禾望岗地铁站H出口10分钟内到公司楼下，也可乘坐各路公交车到嘉禾望岗总站（也是在地铁站口），走路过来10分钟内可到公司楼下，交通十分便利；2.办公环境：宽敞明亮、舒适温馨，可以任性看到半个白云区，设有员工冰箱、微波炉、饮水机，咖啡机，休闲区，定期有各种各样的下午茶。3.公司楼下员工餐厅，周边餐饮选择丰富，价格实惠，7-11、楼下有兰州料理，沙县料理，各种五谷杂粮料理，西餐，日料，火锅，粤菜，各种美食应用尽有。,8000,10000,9000.0,广州,5-7年经验,大专
公关经理,,公关总监,"职责描述：,1、搭建公司公关流程体系，规范撰写公关内容及标准。根据公司的年度战略发展目标，制定年度公关传播计划及方案；,2、结合公司策划公关传播主题与事件，撰写新闻稿件和宣传文案，并通过线上、线下推进传播；,3、根据公司文旅产品特点，与公司BD部门沟通接洽，对接相应公关需求。实时掌握公司最新动漫行业动态结合潮流热点和受众特征，能够挖掘产品的特色，发掘典型的用户场景，并包装成具备传播力的案例，进行传播；,4、负责公关稿件的撰写和口径的把控，与公司各个部门沟通和协调，确保公司对外宣传的公关内容的信息调性统一性、准确性、传播性和宣传高度；,5、负责在公司外部关系层面帮助公司监控公关舆情，危机预警和相应危机管理及处置；,7、分析公关传播效果，根据数据表现和市场反馈及时调整文案撰写方向。,任职资格：,1、本科及以上学历，多年公关行业工作经历。政府、国企、金融行业背景加分；,2、杰出的文字功底、撰稿能力、方案策划能力、有跨界营销、新媒体营销的思维方式；,3、对国内公共关系建设有独到的见解；具备整体战略思考和把握全局的能力，并能实施落地；,5、人脉强，危机公关能力强，擅长维护政企关系，有较好的资源者优先；,6、具备良好的沟通协调能力和应变能力，良好的抗压能力，具备创业精神和良好的团队意识。,公关经理岗位职责：,1、鉴定公司主要客户和关注群，确定***的方法把文旅信息传递给她们；,2、形成并维护公司的企业形象和同一性，包括动漫标识和标记的使用；,3、管理特别的项目，如动漫、画展、体育足球、旅游类、介绍新产品的发布会或公司赞助其他的活动以赢得公众的注意；,岗位要求,1、***、具备良好的外表气质的关系管理能力；,2、灵敏的职场嗅觉和市场洞察力；,3、对文旅行业、地方政策、公司文化能准确把握；,4、知识丰富且涉及面广，要有较强的学习和创造能力；,5、良好的沟通和协调能力；较强的心理承受能力；,6、良好的职业操守和职业素养。,7.接受短期出差及适量饮酒。,薪酬：基本+奖金+项目期权,发展方向,可以晋升副总经理，或更吸引力的职位。,职能类别：公关经理市场/营销/拓展主管",深圳市熙人文化传媒有限公司,民营公司,,影视/媒体/艺术/文化传播,深圳市熙人文化传媒有限公司诚聘,8000,10000,9000.0,深圳-南山区,2年经验,大专
广告设计师,,视觉设计师,"1、主要负责广点通的投放图片及落地页的设计；,2、投放游戏的 logo 设计+ICON 设计,3、视频素材的UI 界面设计；,4、高质量度的原画展示类视频中的图片设计及视频设计,任职要求：,1、美术相关专业，1年或以上手游广告平面工作经验；,2、有扎实的平面设计和手绘能力，熟练使用PhotoShop、AI、等相关设计软件；,3、有独到的设计思路，善于抓住游戏特点进行设计；,4、良好的沟通能力，善于对设计的表达，具有良好的团队协作精神和有强烈的学习热情和进取心；",CMGE中手游,上市公司,500-1000人,网络游戏,中手游 作为全球顶尖的移动游戏开发商与发行商，始终秉承为全球玩家开发和发行精品游戏的理念，致力成为全球玩家热爱的游戏品牌。中手游于2012年9月25日登陆纳斯达克，是国内首家登陆美国证券市场的手游公司，且于2015年5月正式启动私有化，并于同年8月完成退市，创造了中概股最短时间完成私有化的纪录。中手游围绕“自主研发和代理发行”，以IP为核心，以全球化的视野与产业链上下游紧密合作，深耕IP文化运营，并围绕IP和CP展开积极的投资布局。中手游是中国排名***的移动游戏全平台发行商和前十大开发商，已成功发行了《大闹天宫HD》、《三国威力加强版》、《武侠Q传》、《怪兽岛》、《神偷奶爸：小黄人快跑》、《喜羊羊快跑》、《新仙剑奇侠传》、《功夫少林》、《HelloKitty快乐消》、《大航海时代5》、《星球大战：指挥官》、《航海王强者之路》、《火影忍者-忍者大师》、《倚天屠龙记》、《天域幻想》和《暴风战舰》等数十款精品游戏。并拥有《决战沙城》、《快乐大赢家》、《英雄本色》等多款月流水过千万的自研游戏。   我们一直以“态度 方法 责任感 信念”的企业价值观，坚持“用心为玩家创造***的移动游戏体验”的使命，致力于为用户提供出色的产品和有效的服务，并持续创新提升玩家体验，创造手机游戏与社会文化相融合的环境，从而实现“成为全球领先的移动游戏开发商与发行商”的定位！公司网址：www.cmge.com公司提供完善的薪酬结构，富有挑战性的薪酬水平和福利体系：1、绩效奖金（根据每年整体盈利情况及团队年度业绩而定）；2、健全的社会保险（并且每年为员工额外购买商业保险）；3、带薪年休假及服务年限奖；4、定期的团队旅游或拓展活动；5、员工体检；6、重大传统节日和员工生日均有礼金或礼品发放；7、午餐、通讯补贴；8、每人每月享有一定数额的活动经费；9、公司茶水间长期备有茶叶与咖啡饮料等供员工享用；10、每周会组织篮球、足球、羽毛球等活动。   办公地址：深圳：深圳市福田区上梅林卓越城一期4号楼8-10层北京：北京市朝阳区望京广顺北大街33号院福码大厦A座9层成都：成都市高新区天府软件园E区6栋13楼,10000,15000,12500.0,广州-天河区,1年经验,大专
高级平面设计师,"周末双休,五险,员工旅游,专业培训,节日福利,弹性工作",平面设计师,"1. 协助搜索及整理项目前期资料；,2. 能独立完成项目整体策划，有良好的创意和空间思维，完成项目汇报PPT以及文本设计、排版与制作；,3. 日常材料及资料库整理；,4. 热爱设计工作，责任心强，具有较高的团队协作精神。,职位要求：,1. 室内设计、平面设计、艺术设计、美术学等相关专业背景，本科以上学历，1-2年以上设计经验(一流大学毕业或优秀事务所经历优先)；,2. 熟练使用 CAD、PS、SU、AI、C4D、VI等相关设计软件；,3. 审美能力强、文学素养高、学习能力强、有创新精神，具有良好的团队合作精神；具有时尚敏锐度，对网红趋势有所理解；具有较强的方案构思及创新能力；,福利待遇：,1、每周双休，缴纳社保五险；,2、法定节假日礼品；,3、年度活动（,4、年度学习（上海设计展，展厅考察，家具参展，画展参展，建筑考察，家具分享会，材料分享会等等）；",宁波汉格装饰工程有限公司,民营公司,少于50人,"家居/室内设计/装潢,建筑/建材/工程",汉格设计成立于2008年，是一家专著提供高素质室内设计服务的纯设计机构。汉格团队由一群富有活力、创意和广阔视野的设计人组成，以构想客户共鸣为创作意念，为工装、家装和软装设计需求客户提供具有独特气质及创意的空间设计方案和设计服务，协助客户实现空间和产品的价值，达到客户与公司双赢为目的。致力成为宁波最具时尚文化的空间设计机构。专业荣誉：2014年中国百强青年设计师2014年金堂奖年度十佳购物空间设计2014年度设计优势力十大精英设计团队2014年宁波年度创意人物2014年文化部百强青年设计师2014年第十二届现代装饰国际传媒奖2015年金堂奖年度优秀别墅设计2015年国际***生态设计奖2015年大师营优秀设计师2017年度50IDEA宁波年度设计人物 ***酒店餐饮空间设计奖2017年度40UNDER 40中国（浙江）设计杰出青年2018年第二届中国空间应用设计大赛 红鼎奖2018年宁波新锐设计总评 茶花奖2018年宁波年度设计人物 杰出别墅空间设计奖2019年M+中国高端室内设计大厦 匠心设计大奖2019年度优秀空间设计 金尺奖2019年赞颂·创造力 亚太室内设计精英邀请赛 荣誉奖2019年度优秀空间设计 她设计奖,3000,4500,3750.0,宁波-鄞州区,2年经验,本科
2D动画设计师-上海浦东新区-00149,,游戏动作设计师,"岗位职责：,1.配合主美制定游戏动作风格，输出动作设计模版和规范；, 2.参与具体动作设计任务，负责游戏中各类角色的2D/3D动画及表情动画制作, 3.根据动作设计流程，参与审核。,任职要求：,1. 会使用SPINE动画制作软件，良好的动画设计基础，对于物体的运动节奏有较强的理解能力。, 2. 想象力丰富，有很好的动画展现设计能力，展现流畅.生动的动作效果。, 3. 有良好的团队合作意识，易沟通协作。, 4. 游戏行业3年以上从业经验, 5. 对消除类或棋牌类游戏比较熟悉（有完整项目经验者优先）。, 6. 熟悉max和maya的优先。",上海域起网络科技有限公司,民营公司,150-500人,"网络游戏,计算机软件",上海域起网络科技有限公司成立于2009年，总部位于上海浦东新区，是一家集游戏开发与发行于一体的高新技术企业。是一家拥有5A级办公环境并积极推崇硅谷文化的互联网游戏公司。十年来，上海域起凭借过硬的研发实力，自主研发并发行了多款精品游戏——《GG游戏大厅》.《梦幻炫舞》.《赚钱买房记》等，在全球拥有上亿注册用户，未来还将开拓更多领域，进一步完善公司的产业线布局，立足全球化视野，开拓产业发展战略新步伐。,15000,20000,17500.0,上海,3-4年经验,大专
美术编辑,,美术编辑,"本艺术机构从定位初始就要打造艺术的、人文的、生活的，以学术性、时代性、导向性为主旨的文化读物，并组织策划以当代岭南中国画名家为出发点的学术性主题展览，所要呈现的是一个当代的、多维的、进行式的、历史人文的图文画卷。从当代岭南系列丛书、当代岭南系列画展、当代岭南拍卖专场等，多方位、多角度、立体地呈现当代岭南中国画的发展动向、状态和面貌。    ,注：投递简历请附上作品，或将作品发送至公司邮箱gzluyi@126.com，人事经理看过作品后再安排面试！,面试时带上成功的案例作品！, ,职位要求： , ,1、美术学相关专业，具备较好文字功底及相关工作经历。, ,2、具备良好的人文素养、有相关出版校对经验、遵守公司规章制度、工作认真、负责。 , ,3、具有良好的沟通理解能力，以及团队合作精神，工作认真负责。 ,薪资福利：,1、定期向优秀员工提供豪华国内外游，足迹已踏遍省内各大海滩、云南大理丽江、巴厘岛……等。,2、文体活动：积极向上的工作氛围，不定期组织员工活动、聚餐等。, ,注：本公司单休、年终双薪、年度旅游、包餐",广州鲁逸设计策划有限公司,民营公司,少于50人,"影视/媒体/艺术/文化传播,文字媒体/出版",鲁逸文化创办于2000年，致力于文化领域，服务范围涉及到平面设计、企业形象设计策划；壁画、雕塑艺术创作施工及艺术品布置、采购、室内装饰艺术品、陶瓷制品的设计与制作。    我们拥有高水平、具有专业知识的设计创意人才，同时也建立了一个优秀的策划创意团队，与各大艺术机构、媒体为合作资源，在企业文化推广、室内装饰、形象展示上卓有业绩，获得了中外艺术界和社会人士的高度评价。注：面试时请带成功案例作品。地址：广州市海珠区昌岗中路245号金盛大厦C1306  电话：13126413398E—mail：luyiok@126.com,4500,6000,5250.0,广州-海珠区,1年经验,大专
BIM动画工程师,"五险一金,通讯补贴,绩效奖金,年终奖金,专业培训,人才公寓",建筑制图/模型/渲染,"1、参与工程项目动画展示工作，并协调完善；,2、熟悉三维建筑动画制作和施工模拟工作，制定和完善整套流程；,3、应用3DMAX，AE，Lumion，navisworks，Fuzor，solidwrks或inventor，synchro等软件，完成3D建筑场景动画和施工模拟工作，并积极发挥团队优势，协调宣传展示；,4、对Unity、UE4有一定了解者，优先录用。,5、协助完成部门其他工作任务。,任职要求：,本科以上学历，能够独立运作进行技术支持！,                                , （面试者需携带相关案例，并进行展示）",苏州二建建筑集团有限公司,民营公司,150-500人,建筑/建材/工程,苏州二建建筑集团有限公司始建于1952年，历经六十余年的发展，已成为苏州市知名大型建筑承包商，连续多年跻身中国民营企业500强，被评为全国优秀施工企业、全国守合同重信用企业、全国建筑业竞争力百强企业、全国文明单位、ENR中国承包商80强，荣获住房与城乡建设部“创鲁班奖特别荣誉企业”称号。2013年，“苏州二建”企业名牌在战略发展与转型升级中工商保留，2018年，进入新的历史机遇期，优秀的管理团队延承“二建”精神，扛起“苏州二建”这块沉寂五年的优秀品牌再出发，开启铸造苏州二建百年品牌的全新征程。目前，公司拥有三项总承包资质，五项专业承包资质，一项专项设计资质，是一家以房屋建筑、市政公用、机电安装、钢结构、装饰装修工程施工为主，绿化景观、城市照明、地基基础施工为辅的综合型建筑施工企业，荣获多项***及省市级工程荣誉。企业坚持“优质高速、信誉至上”的企业宗旨，以绿色生态、高科技、智能化为手段，以智慧建造、幸福筑城为理念，与社会各界精诚合作，依靠科技进步、强化管理，发挥BIM技术全过程运维管理优势，积极探索建筑工业化及寻求产业开发与合作，参与城市海绵改造工程建设，助力智慧城市建造及新型城镇化建设。苏州二建秉承“信为本、诚为基、德为源”的核心价值观，坚持诚信为本、德行一致的发展理念，心系员工冷暖，胸怀企业兴衰，牢记社会责任，为担当“建设美丽空间，创造美好生活”的企业使命而不懈努力，为实现“成为受尊敬的卓越的工程建设服务商”的企业愿景而不懈奋斗，聚全员之力，开拓创新，携手各方，精诚合作，致力于为城市建设宜居的生态家园，共建和谐丰盛的安乐生活！,8000,12000,10000.0,江苏省,3-4年经验,本科
游戏3D动作,"五险一金,员工旅游,餐饮补贴,定期体检,年终奖金",动画/3D设计,"★★★非常重要：简历投递需附带作品★★★,岗位职责：,1、3D动作制作；,2、动画展现制作。,任职要求：,1、 大专及以上学历，美术类相关专业，1~3年动作，游戏设计等美术经验；,2、有专业全面的执行能力；,3、熟练掌握MAYA MAX软件；,4、具备良好的沟通能力和团队合作意识。,关于我们,深圳市乐易网络股份有限公司，成立于2011年。我们是一家专注海外手机游戏自主研发和自主运营的企业，致力于打造世界级的手游。,公司目前规模约200人，创始人和高管皆来自腾讯，核心骨干来自腾讯、华为等顶尖科技公司。凭借着专注、极致的做事态度和对产品体验苛刻的要求，我们的游戏屡创佳绩，在苹果和谷歌商店的排行榜长期名列前茅。,2016年3月，公司完成A轮战略融资，估值10亿人民币。,2019年9月，公司获得Facebook和毕马威联合发布的“2019中国出海50强新秀品牌”荣誉。,在这里，我们实行一对一导师制度，热心可爱的导师将会帮助每一位新人学习和成长。良好的团队和技术氛围更是吸引了许多来自各大互联网企业及海内外知名院校的精英人才。,加入我们吧，乐易会为你提供一个广袤、自由的发展平台，让我们共同成长！,我们的里程碑,2011  公司成立,2013  进军游戏行业,2016  公司完成A轮融资,2018  Blaze fo Battle：单款游戏年收入过亿啦,2019  9月，我们获得了Facebook和毕马威联合发布的“中国出海50强新秀品牌”荣誉,公司产品,Blaze of Battle,一款超经典的SLG游戏！,在这里，你可以建立宏伟的城市，组建强大军队，召唤巨龙与骑士和您一起征服战争之光的战场。加入联盟，与来自世界各地的数百万玩家并肩作战，体验战争的刺激！,West Game,***款也是人气***的西部主题SLG游戏。发行之初便屡次闯入北美iOS畅销Top100。,在狂野又刺激的西部世界中，你可以建立自己的小镇、创建你的帮派，和来自世界各地的玩家们战斗。,Top Gang,一款主打黑手党题材的卡牌游戏。,这是一个混沌和堕落的世界，衰落的秩序和廉价的道义，在地下世界中你将如何抉择——夹缝求生？又或是成为规则的主人？,快来加入黑手党的世界，招募英雄，升级技能，一起战斗吧！,福利待遇,1.有竞争力的薪资,试用期全薪,每年固定普调加薪,高达10个月的年终奖,额外经营奖金,导师一对一带教,任职资格体系,2.完善的保障体系,深圳户口,六险一金,年度体检,7天年假、15天半薪事假、30天全薪病假,婚假、产检假、丧假和各类津贴,3.开放的团队氛围,正直 自省 协作 进取,入职、生日和节日关怀,2天春节特别福利假,一年两次旅游,每月生日会和团建活动",深圳市乐易网络股份有限公司,民营公司,150-500人,"网络游戏,互联网/电子商务",关于我们深圳市乐易网络股份有限公司，成立于2011年。我们是一家专注海外手机游戏自主研发和自主运营的企业，致力于打造世界精品手游。公司目前规模200~300人，创始人和高管皆来自腾讯，核心骨干来自腾讯、华为等科技公司。凭借着专注、极致的做事态度和对产品体验苛刻的要求，我们的游戏屡创佳绩，在苹果和谷歌商店的排行长期名列前茅。2016年3月，公司完成A轮战略融资，估值10亿元。2019年9月，公司获得Facebook和毕马威联合发布的“2019中国出海50强新秀品牌”荣誉。在这里，我们实行一对一导师制度，热心可爱的导师将会帮助每一位新人学习和成长。良好的团队和技术氛围更是吸引了许多来自各大互联网企业及海内外院校的人才。加入我们吧，乐易会为你提供一个广袤、自由的发展平台，让我们共同成长！愿景：成为一家持续进步的企业。使命：用理性的态度为世界创造简单的快乐。价值观：正直、自省、合作、进取我们的里程碑2011  公司成立2013  进军游戏行业2014  游戏年营收突破千万2016  公司完成了A轮融资，市场估值10亿元2018  Blaze of Battle：单款游戏年收入过亿2019  9月，我们获得了Facebook和毕马威联合发布的“中国出海50强新秀品牌”荣誉公司产品Blaze of Battle一款超经典的SLG游戏！在这里，你可以建立宏伟的城市，组建强大军队，召唤巨龙与骑士和您一起征服战争之光的战场。加入联盟，与来自世界各地的数百万玩家并肩作战，体验战争的刺激！West Game一款人气爆棚的西部主题SLG游戏。发行之初便屡次闯入北美iOS畅销前一百。在狂野又刺激的西部世界中，你可以建立自己的小镇、创建你的帮派，和来自世界各地的玩家们战斗。Top Gang一款主打黑手党题材的卡牌游戏。这是一个混沌和堕落的世界，衰落的秩序和廉价的道义，在地下世界中你将如何抉择——夹缝求生？又或是成为规则的主人？快来加入黑手党的世界，招募英雄，升级技能，一起战斗吧！福利待遇1. 关注你的职业发展提供有竞争力的薪资，每年稳定涨薪，***可达10个月的年终奖、额外经营奖，更有导师制度和任职资格体系，帮助你应对职业发展未来的挑战。2.为你提供全方位保障为你提供六险一金和深圳户籍，超长的带薪假期，新婚添丁津贴和各类慰问金，每年定期体检，成为你工作打拼的有力保障。3.和你一起享受生活零食水果下午茶、入职生日节日礼包，各种生日会、团建、社团、周年庆活动，一年两次海内外旅游，工作之余，我们更想和你享受生活。,9000,12000,10500.0,深圳-南山区,2年经验,大专
BIM建模工程师兼讲师,"带薪年假,五险一金,节日福利,专业培训,通讯补贴,全勤奖,绩效奖金,包住宿,年终奖金","结构/土木/土建工程师,建筑制图/模型/渲染","【任职要求】,年龄：23-35岁；,性别：男女皆可；,学历：大专及以上学历；,要求：（1）.要求掌握Revit，Navisworks ，Lumion 等相关BIM软件，其中Revit，Navisworks ，Lumion需熟练操作；,（2）有施工现场经验专业可以优先考虑。,（3）欢迎优秀的应届毕业生,【岗位职责】,1.负责搭建基础、建筑、结构专业等BIM建筑信息模型；,2.以BIM技术解决空间造型负责、工程难度大的项目设计；,3.协助项目各合作团队参与项目各阶段设计工作；,4.参与管线综合、四维模拟、工程量清单、施工模拟及动画展示等相关BIM技术应用工作。,【福利待遇】,1.底薪+提成；,2.转正购买社保；,3.7天带薪培训（考核期）+考核通过即可办理入职；,4.广阔的发展平台、稳定的团队，亲切的同事，和谐的办公环境；,5.兴趣爱好发展基金，丰富的团队活动，定期聚餐、户外拓展及国内外旅游；,【工作时间】,1、9:00-18:30 月休5天,2、国家法定节假日正常休息",深圳市学煌教育信息咨询有限公司,民营公司,50-150人,教育/培训/院校,深圳市学煌教育信息咨询有限公司（简称：学煌教育，总部在湖北武汉，我司为深圳分校），是一家专业的建筑类执业资格证书考试考前辅导机构。引进国内外新教学理念，汇集大批资深教授，以独具特色的专业课程、经验丰富的专家讲师团队、严谨周密的教学态度，诚信办学，以匠工精神在现代职业教育市场中打造高质量的职业教育产品，致力于在线建工教育产品的技术和质量的创新研发，全力创建国内一流的高精尖在线教育平台。学煌教育与各大知名企业达成合作协议，向建工企业提供优质的人才培训、精准的人才数据等服务，为广大建工行业培养、输送各类精英；学煌教育在成就人才的同时推动企业和行业的进步，为促进社会区域经济的发展作出应有的贡献。专业培训项目：建造师、消防工程师等职业类考前培训。办理五大员、八大工、代评中级工程师、高级工程师等建筑方面的证书。【龙华分校】深圳市龙华民治向南大厦607公交站台：民康路口、东边【佛山分校】佛山市南海区里水镇永润广场1301【惠州分校】惠州惠城麦地路30号麦雅大厦408,4500,8000,6250.0,深圳-龙华区,无需经验,大专
效果图表现设计师（成都）,"五险一金,员工旅游,出国机会,年终奖金,定期体检,弹性工作",园艺/园林/景观设计,"1、负责设计方案效果表现制作及后期；,2、负责效果图表现动画展示；,3、跟踪项目进展，根据需求调整设计方案效果图，做好项目过程中的配合工作；,4、完成领导安排的其他任务。,任职要求：,1、风景园林、环艺、建筑设计、美术或相关专业，本科及以上学历；,2、精通sketchup，lumion，犀牛，photoshop等相关制作软件；,3、对植物空间有较好的理解能力；,4、准确领悟方案设计意图，能很好地配合设计师完成高质量的效果图；,5、具备良好的后期处理能力,画面效果优异；,6、学习能力强，热爱并执着于设计工作，具有团队意识。",重庆道合园林景观规划设计有限公司,民营公司,150-500人,"房地产,建筑/建材/工程",公司简介DONEHOME·重庆道合园林景观规划设计有限公司创立于2009年，致力于为客户提供风景园林领域全流程专业的设计咨询服务和多元化的后续业务支持，是一家集风景园林理论研究、规划、设计、数字化景观技术运用、EPC+O项目五大板块全面发展的风景园林领域全案服务机构。 DONEHOME·道合公司服务业态涵盖城市规划、城市公园、湿地公园及滨水景观、城市双修、道路景观、旅游风景区规划、校企事业园区景观、商业住宅景观、市政道路景观、生态修复、农业观光与旅游规划、田园综合体EPCO项目等众多类型项目服务。 DONEHOME·道合公司于2015年获得住房与城乡建设部核准的风景园林专项设计甲级资质（证书编号：A150002346) ，于2018年获得住房与城乡建设部核准的建筑行业（建筑工程）乙级资质（证书编号：A250002343）。公司现有核心团队由多名外籍知名设计师，以及众多海外硕士学历、从业多年的专家学者、国家注册师、高级工程师、中级工程师等组成，现有员工300余人。同时我司已与西南大学达成校企合作协议，是西南大学指定校企合作机构和授牌毕业生实训基地，合作研究范畴为风景旅游规划、景观规划设计、农业园规划、生态修复等领域。 DONEHOME·道合公司尊重自然、因地制宜，致力于为客户提供从生态技术，地域文化，人文关怀，经济策划，项目落地等服务和全程化、一体化和专业化的解决方案，项目遍布北京、重庆、上海、天津、浙江、四川、河南、湖南等29个省市，已与融创、保利、华夏幸福、金科、新城、世茂等全国TOP20的房地产企业签订长期战略合作协议，已成功为各级园林市政管理部门，万科、龙湖、融创、保利、绿城、世茂、华夏幸福、中海、招商、香港置地、新城、金科、金茂等五十多家知名地产公司提供设计与咨询服务。道合官网：www.done-home.com,5000,8000,6500.0,成都-高新区,3-4年经验,本科
美术老师,"定期体检,餐饮补贴,绩效奖金,社保","小学教师,绘画","工作内容：备课、上课、点评、整理学员资料、家长沟通、协助画展、宣传活动等,工作时间：,周一 休息,周二、周三 9:00—18:30（中午12:00-14:00休息） ,周四、周五 14:00—20:30（中午12:00-14:00休息）,周末  8:30—17:30（中午12:00-13:50休息）",佛山画心文化传播有限公司,民营公司,少于50人,教育/培训/院校,【佛山画心文化传播有限公司】业务包括艺术培训、服装设计、广告业务等。,4000,6000,5000.0,佛山-南海区,无需经验,大专
礼盒结构设计打样师,,"平面设计经理/主管,包装设计","1.,2.,3.,4.,  ,5.",上海凌致实业发展有限公司,民营公司,50-150人,"印刷/包装/造纸,奢侈品/收藏品/工艺品/珠宝",凌致营销传播前身为上海智道实业发展有限，公司成立于1999年，是一家专门为在华跨国企业和国内知名品牌公司提供包括市场活动策划（产品推广会，年会，学术会议、新闻发布会等），促销赠品开发服务的创意型线下营销服务公司。公司自成立以来就始终本着走贴近客户需求，以市场研究为先导，产品设计开发为中心的经营思想，坚持为客户提供定制化，高性价比的促销赠品开发和各种具有创意的活动，到目前为止，上海智道实业发展有限公司已成为包括百事可乐、康师傅、美孚、壳牌、拜耳、辉瑞、默沙东等知名企业的指定促销品和活动供应商。   在十年的经营中公司创造了具有开放性和包容性的特色企业文化氛围，形成了一支汇聚策划、设计研发、采购生产、销售、物流、综合服务等多方面优秀人才的精英团队。现因业务蓬勃发展，诚意邀请有意于寻找长期事业发展平台的精英人才加盟,10000,15000,12500.0,上海-长宁区,3-4年经验,中专
艺术专员,"做五休二,五险一金,高温补贴,餐饮补贴,全勤奖",其他,"希望您相对全能，我们一起打造氛围轻松、热爱艺术、富有创造力的小而精工作团队。,1.定期拜访艺术家，跟进相关资料、作品等信息并进行系统维护。,2.跟进作品之评论、展览、拍卖、出版等相关事宜。,3.跟进美术界最新流行趋势，掌握相关艺术家、展览会、拍卖会、画廊等动态。,4.负责组织相关专题的讨论会和展览事宜。,5.负责艺术家及其作品的推广。,6.负责组织策划实施各类画展、沙龙、艺术品欣赏交流会等活动。,二、任职要求：,1.美术理论、文字驾驭能力；能撰写市场调研、预测和分析经济活动的专题报告,2.较强的沟通能力、公关能力和应变能力、艺术品鉴赏能力；                     ,3.具备较强的组织协调能力、统筹规划能力等；                                ,4.熟练操作办公软件，有较强的语言及文字表达能力。,5.美术史、策展专业优先！（可以***）,三、经验要求：,1、1年以上相关工作经验,2、有美术馆及艺术机构工作经验优先",宁波元一科技有限公司,民营公司,少于50人,"服装/纺织/皮革,贸易/进出口",宁波元一科技有限公司（一亩田艺术工作室）面试地点：宁波高新区梅景路118号（梅景路与新梅路交叉口）工作地址：宁波高新区梅景路118号（梅景路与新梅路交叉口）公交509、519、133、25、905、27、29、35、391、529、753、754、783、105 江南路新梅路口站下联系电话：0574-55227860,3500,6000,4750.0,宁波-高新区,1年经验,本科
美术教务,"绩效奖金,全勤奖,节日福利,做五休二,周末双休,五险一金,交通补贴,通讯补贴,餐饮补贴,年终奖金",院校教务管理人员,"1．小班制教学，负责儿童、青少年及成人国画教学工作；,2．完成试听课、公益课、国画展览等课程及活动的开展和后续跟进 ；,3．定期参加教研会议，不断提升教学质量，保证教学效果；,4．熟悉儿童、青少年、成人不同阶段的教学方法与技巧，营造良好的课堂氛围；,5．与学员及家长保持良好的沟通交流关系，提高满意度。,1．学历要求：本科及以上学历，有丰富教学经验者，可适当放宽；,2．专业要求：国画学、美术学、教育学、艺术类等相关专业；,3．能够针对不同年龄段学员进行教案编写、课程设计；,4．条理清晰，语言表达能力强，有一定控班能力和感染力，能够调动学员的积极性；,5．热爱中国传统文化，热爱教育事业。,1．课时费+提成+奖金；前期平均薪资4-8K/月，收入可持续上涨；,2．完备的五险一金；带薪年假；,3．独立舒适的教学、创作空间；,4．优雅古典的环境，与名家接触，与名品为伴，提升自我修养；,5．平台有学科教研组，注重老师综合能力的再提升；,6．丰富多彩的团队生活、员工关爱活动。,做五休二（周一至周四休两日，周五周六周日为工作日）；,职能类别：音乐/美术教师绘画,关键字：国画美术老师",杭州爱嘚瑟文化创意有限公司,民营公司,少于50人,"互联网/电子商务,贸易/进出口",杭州爱嘚瑟文化创意有限公司成立于2016年，是一家从事艺术品线上线下整合的企业，取名爱嘚瑟取自“ideas”的谐音。注册商标爱德舍线上我们有自己的天猫官方旗舰店，线下我们有两个工厂，同时经营艺术培训。是一家全方位线上线下同时发展的公司。,8000,10000,9000.0,杭州-江干区,5-7年经验,本科
3D（Maya）动态师（地铁口）,"员工旅游,餐饮补贴,绩效奖金,年终奖金,住房补贴,节日津贴,地铁口上,下午茶,团队聚餐",动画/3D设计,"1、根据项目要求可以独立完成三维动画设计，包含人物、大场景、单体部件等动画展示；,2、了解三维动画制作流程，能按照脚本制作动画、场景的动作等，了解制作产品动画或视频中的界面、角色、场景所需要的特效；,3、协助团队完成相关工作，如收集和管理相关拍摄、视频、音频素材，进行剪辑、特效制作。,岗位职责：,1、熟练使用MAYA软件；,2、有手绘能力，了解从角色/场景建模、贴图、渲染、动画等一系列工作者尤佳；,3、对人物及不同生物的运动规律有较好的了解并能较好的进行表达制作；,4、有良好的沟通能力，能准确理解工作需求并高效完成；,5、抗压能力强；,福利其他：,1、上班时间9:00-18:00，其中12:00--13:30分午休；大小周休息，国家节假日如常。,2、奖励：公司设有年终奖、年度优秀个人奖、年度优秀新人等奖、月度优秀员工等奖励等；,3、福利：节日津贴、住房补贴、不定期下午茶、团建活动、团队聚餐等,PS:有应聘作品将优先安排面试并在同等条件下优先录取，简历与应聘作品投递邮箱：2166063718@qq.com ，投递邮件时请注明您的姓名和应聘岗位。        ",广州市泰泽动漫设计有限公司,民营公司,50-150人,"影视/媒体/艺术/文化传播,广告",广州市泰泽动漫设计有限公司是涉及专业二维三维的动画创作、原画设计制作、插画设计制作、商业平面设计制作、互联网产品开发、动漫及衍生品设计制作生产、卡通运营的专业原创动漫公司。我们的发展宗旨是：以原创动漫艺术设计为依托，打造民族动漫产业的优秀品牌，为广大观众提供丰富的优秀动漫作品以及动漫延伸产品。广州市泰泽动漫至今已有近12年的历史，天道酬勤，在过去几年里，我们的原创动漫开发已经初见成效，“上班仔”、“方向家族部落——小左小右”、“大王内经曰”等多个品牌卡通，前期推广已有较好的反响，受到众多用户的喜爱和支持。基于我们在原创动漫的努力和成就，浙江日报、中国漫画、文化月刊等国内报刊杂志曾对我们的作品和团队进行过报导，并且有幸在全国评选十家原创动漫团队中入选成为国家文化部原创动漫扶持企业之一。后续我们将会在原创动漫进一步开发影视、书籍、周边、授权等，打造中国的知名原创动漫形象。我们坚信，在不久的将来，泰泽动漫将与中国的动漫产业一起成长，向世人展现我们的成果——本土原创、中国优秀动漫精品，以飨广大观众，成为中国和世界动漫产业界的优秀品牌！2019年，是泰泽动漫谋求发展最关键的一年。因公司业务发展，现诚聘如下岗位，泰泽动漫诚邀有志之士共同发展。公司腾讯原创馆：①https://ycg.qq.com/team/tzcartoon/works                ②https://ycg.qq.com/person/works/175341电话：020-85821550QQ：2166063718,4000,8000,6000.0,广州-番禺区,1年经验,大专
少儿美术老师（洋湖直聘 ）,,音乐/美术教师,"1、6-12岁幼儿/少儿的美育教学工作；,2、校区亲子活动的执行、教室画展布置等工作；,3、所带班级家长沟通与服务工作。,岗位要求：,1、有爱心，有责任心，热爱少儿美术行业，绘画功底佳；,2、有一定的组织能力，能掌握幼儿教育心理；,3、活波、亲和力强，工作有激情；,4、上进心强，爱学习；,5、有一年以上的工作经验。,6、年龄22到30岁，专科以上美术教育或相关学历；,7、思路清晰，具备基本的职业素养。,公司福利：,1.入职即签署正式劳动合同；,2. 入职满一年五天年假；,3. 享受国家法定节假日；,4. 包住，校区附近高档小区，住宿条件好；,5. 每月发放员工生日津贴，丰富多彩的团队建设；,6. 公平透明的晋升机制，最快入职满6个月后即可参加内部竞聘晋升；,7. 免费享受完善的培训体系，多元化的职业发展渠道，给予岗位技能和综合能力不断提升的培训或拓展。,校区地址：,洋湖校区：长沙市岳麓区和顺路北大资源·时光6.7栋三楼317-320,八方校区：长沙市岳麓区八方小区龙柏湾商业街3lou,面试地址：长沙总部——长沙市开福区渔业路九曲花街3楼329-330（开福一小旁）",长沙市开福区学亿缤纷鸟培训学校有限公司,民营公司,50-150人,教育/培训/院校,缤纷鸟国际少儿美术创办于2004年，是一家经教育局批准、全国连锁的少儿美术教育品牌机构，拥有600多人的美育教育专业研发团队、师资团队及管理团队，核心致力于少儿美术及书法教学，将“思维导图”完美融于教学中并取得突出效果，每年成功研发20多种少儿美术教材、练习册、上百种画具和用具，学校遍布中国400多个城市，拥有500多所学校，100万家庭的选择！2018年，新东方教育科技集团与缤纷鸟少儿美术教育集团于西安签署战略合作协议，本次协议以新东方教育科技集团战略投资缤纷鸟少儿美术教育集团为起始，未来双方将进行更加深度的合作，打造全国少儿美术教育领先品牌！,4000,6000,5000.0,长沙-开福区,1年经验,大专
Web前端开发工程师,"五险一金,餐饮补贴,专业培训,出国机会,定期体检,绩效奖金,员工旅游,国际团队合作,鼓励创新,技能培训","Web前端开发,HTML5开发工程师","负责公司产品的Web前端数据展示和系统模块界面开发工作，主要包括数据的动态展示、动画展示、图形化展示、性能优化；系统模块的界面开发、人机交互、数据传输；前后端交互安全；协同后端完成好前后端数据结构交互接口定义。,职责描述：,1、负责公司产品的前端数据展示界面开发，包括图形化展示、动画展示等；,2、负责前后端数据交互；,3、负责公司产品系统管理功能模块的前端开发；,4、与后端沟通协调数据传输和交互工作；,5、完成上级布置的其它工作。,任职要求：,1、精通HTML、CSS3、JavaScript、Canvas、NodeJS。,2、熟练掌握VueJS前端开发框架，熟悉JSON数据结构，并有1年以上的Vue项目开发经验。,3、熟悉、了解并能解决主流浏览器的兼容问题。,4、熟悉浏览器与后端数据交互，熟练掌握WebSocket。,5、懂简单的PS处理优先考虑，有过ElementUI框架使用经验优先考虑。,6、具有一定的技术文档编写能力，能独立完成与后端对接的数据结构需求文档、系统使用说明文档。",深圳市纽创信安科技开发有限公司,民营公司,少于50人,电子技术/半导体/集成电路,"关于纽创信安（www.osr-tech.com）：深圳市纽创信安科技开发有限公司（Open Security Research, Inc.）是国际领先的芯片安全企业（www.osr-tech.com)。公司以“保卫万物智联”为使命，致力于为“网联化、智能化”的世界提供底层信息安全技术。纽创信安2017年被评为深圳南山“领航团队”，2018年被评为国家高新技术企业。公司技术团队由一支密码专家和芯片专家组成，产品在多种工艺（180nm ～ 10nm）上量产验证，IP产品被20多家客户采用。公司也是中国密码学会会员、深圳市商密协会理事单位。公司建有专业的安全检测实验室，为30多家客户提供芯片安全分析设备和服务。纽创信安是一支技术精湛、充满活力的芯片安全团队，技术团队中硕士以上学历超过70%，博士学历以上超过15%。公司实施“定岗定薪”的薪酬制度和持续性期权激励制度，共设置14级岗位（9-22级），所有13级及以上岗位每年配置响应的期权奖励，奖励额度随岗位级别上升而增加。只要持续在公司工作、满足公司期权激励条件，就可以每年获得对应的期权。加入OSR，你将有机会与业界最***的芯片安全专家共事，与公司共同创造价值、创造财富。",8000,18000,13000.0,深圳-南山区,3-4年经验,本科
平面设计师,"五险一金,绩效奖金,年终奖金,餐饮补贴","平面设计师,网页设计师","职务要求,1 ．负责新媒体的插图绘制； ,2 ．产品及包装插图绘制； ,3 ．门店及线上宣传物料制作； ,4 ．能够制定及独立完成所负责插画工作者优先。,任职要求 ,1.具有扎实的美术功底，纸上、电脑绘画功底过硬，对画面、图形和色彩有敏锐的观察力；富于原创精神，脑洞大；,2.善于将文案内容信息等进行绘画展现；对插画形式富有创新能力和创造力；对画面有较强的把控能力；能敏锐的洞察设计潮流以及趋势； ,3.画风兼容多样，能匹配不同设计需求的插画工作，喜欢多种插画风格的尝试； ,4.注重细节、追求卓越，具备良好的沟通能力与团队精神，富有工作激情和责任感，保证工作质量； ,5.责任心强、积极乐观，良好的沟通理解能力和团队协作精神； ,6.请在简历后附个人作品（图像、链接等）；,7.会摄影摄像优先。",新茶客（上海）文化发展有限公司,民营公司,50-150人,"餐饮业,快速消费品(食品、饮料、化妆品)",新茶客（上海）文化发展有限公司成立于2017年，是“上海老茶客”兄弟公司。公司凭借“老茶客”完善的供应链资源和行业专业度，组建了新式茶产品研发、品控和市场营销和供应链管理团队。公司旗下的“点叶”品牌现有凯德晶萃店、四季广场店、新天地店。为年轻人提供了一个新茶饮体验和新式茶叶及周边产品新零售结合的黑白茶体验空间。公司坚持“每一片茶叶都是主角”的匠心态度，计划用3-5年时间，将“点叶”打造成新式茶+新零售的全国连锁品牌。,7000,8000,7500.0,上海-杨浦区,2年经验,大专
三维动画师,"五险一金,员工旅游,年终奖金,包吃,单休","建筑制图/模型/渲染,动画/3D设计","岗位职责,1根据项目要求可以独立完成三维动画设计，包含人物、大场景、单体部件等动画展示；,2参与三维场景、模型的设计与制作；,3有效的处理建筑、地形、绿化、小品等场景效果。,任职资格,1、大专及以上学历，美术类、设计类相关专业，有1年以上相关工作经验；,2、熟练使用3DMAX、Photoshop等软件工具；有工程施工动画制作经验者优先；,3、具有一定的美术功底，优秀的色彩感觉，较强的三维空间想象力和创造力；,4、熟练掌握材质、灯光的运用，对3D场景建筑建模和贴图、动画、特效均有一定的认识；,5、有责任心，沟通协调能力强，具有较强的团队合作精神。",武汉湖艺雕塑艺术有限公司,民营公司,50-150人,建筑/建材/工程,"武汉湖艺雕塑艺术有限公司专注雕塑制作二十余年， 是一家集设计、制作、安装于一体的大型综合性雕塑艺术工程企业；是华中地区首家也是***一家入选“中国20强雕塑企业”；是湖北美术学院雕塑系、湖北美术学院壁画系、湖北工业大学艺术设计学院、武汉理工大学美术系、武汉纺织大学艺术与设计学院、武汉科技大学艺术与设计学院、江汉大学教学实习创作基地。公司致力于城市雕塑、景观雕塑、园林雕塑、校园雕塑等主题雕塑的设计和制作,主要采用的材质有铜材（锻铜、铸铜）、不锈钢、玻璃钢、砂岩、石材等。大艺精诚留口碑，二十余载铸品牌。湖艺雕塑艺术有限公司经过多年的艺术沉淀，服务过数千家国内外客户。在秉承“精工至美”的服务理念的同时，湖艺雕塑也一直致力于提供专业化、品牌化的雕塑设计、制作及安装一体化服务。公司提供各类不锈钢雕塑、锻铜雕塑、铸铜雕塑、玻璃钢雕塑、石雕、浮雕的设计、制作和安装服务，设计团队由全国各大美术学院的专家教授和业界雕塑设计精英组成，工厂占地16000多平方米，技术工匠汇集了全国技术高手200余名，其中10年以上经验的将近30名。辉煌历史只为塑造精品，一流口碑还将跨越未来。武汉湖艺雕塑正在为成为引领雕塑设计业界的先锋翘楚而努力奋斗。“创一流品牌，塑世纪精品”还将一直指引着所有的湖艺人奋勇前进，谆谆前行。",4500,6000,5250.0,武汉,NA,NA
美术老（东莞厚街）,"五险一金,专业培训,绩效奖金,员工旅游",音乐/美术教师,"工作内容：,1、根据总部课程主题及要求进行备课、练课、上课，保障教学质量。,2、及时与学员家长沟通孩子的学习情况。,3、配合中心完成学员画展等活动。,任职资格：,1、大学本科或以上学历，美术相关专业（美术教育专业尤佳），有一年以上工作经验，资质佳的应届毕业生亦可。,2、性格开朗活泼，热爱教育事业，喜欢孩子。,3、心态积极，好学上进，能承受培训学习的压力。,上班时间及福利：1、9:00-18:00，午休1.5小时；,                           2、每周工作5天，休息2天（周一，周二休息）；,                           3、法定节假日：（端午，国庆，五一，清明，中秋，元旦等）按国家规定放假,                           4、公司会不定期组织大家出去旅游，定期下午茶,                          5、有五险一金,综合工资：4-8K,晋升空间：美术老师→教师主管→教学主任→教学总监,上班环境：室内办公，上班环境轻松自由，公司员工以90后为主，上班地点靠近地铁，公交车站，交通方便,工作地址：厚街中央华府文化城（靠近寮夏地铁站）",东莞泛德文化艺术培训有限公司,民营公司,50-150人,教育/培训/院校,东莞泛德文化艺术培训有限公司，在东莞地区运营的的连锁品牌有：金宝贝国际早教中心、Beta Art美学空间、FIND智慧钢琴学院。其中Beta Art美学空间有四家直营店，分别位于东城南路、南城西平、南城第一国际以及厚街镇。公司拥有一批年轻化的教师队伍，采用人性化的管理模式。,4000,8000,6000.0,东莞-厚街镇,1年经验,本科
游戏角色原画,"五险一金,餐饮补贴,年终奖金,周末双休,定期体检,下午茶","原画师,游戏原画师","岗位职责：,1.根据项目需求，负责游戏角色、宣传图等原画设计工作；,2.及时主动与主美和策划沟通，保证工作质量及制作进度；,3.与团队人员配合默契，确保最终原画展示效果,任职要求：,1.大专及以上学历，美术相关专业；,2.3年以上的原画工作经验，（有欧美朋克写实风）游戏设计经验者优先；,3.理解能力强，具备扎实的绘画基础、准确的角色比例，造型创作能力及色彩感强，精通各种绘画软件（Photoshop、Painter、Sai）,4.热爱游戏事业，有优秀的团队合作精神和职业操守及沟通能力；",浙江星飞信息技术有限公司,民营公司,150-500人,"网络游戏,计算机软件",星飞（全称：浙江星飞信息技术有限公司），云集游戏圈众多大神；创立于2017年，坐标广州天河区、厦门思明区，致力于打造研运一体的新锐游戏企业。我们来自阿里、网易、UC等一流互联网企业，先后搭建过亿级游戏平台、打造过多款知名游戏大作，是一群热情、执着，总想搞出些大事的家伙。官网链接：http://www.xingfeiinc.com,8000,12000,10000.0,厦门,2年经验,大专
3D设计师应届生可实习 (职位编号：01),,"动画/3D设计,多媒体设计","1、熟练建模、渲染、三维动画，负责多媒体软件的三维设计工作；,2、根据项目要求可以独立完成三维场景建模设计，包含人物、单体部件等动画展示；,3、对视觉设计、色彩有敏锐的观察力及分析能力；,4、独立且高质量的完成设计方案，有独立掌握设计各个环节的能力；,5、有创意理念，善于理解和把握客户的需求；,6、配合项目部，确保项目按图实施，完美体现设计创意，并主动配合项目部和客户之前的沟通；,7、能充分积累并使用自己的视觉设计经验，及时提出崭新的创意方案；,职位要求：,1、大专及以上学历，美术类、设计类相关专业优先，有2年以上影视后期动画制作经验优先；,2、有1年以上相关工作经验优先；,3、具有扎实的美术基础、色彩控制能力强、想象力丰富；,4、思维敏捷，有责任心，具有较强的理解和沟通能力；,5、精通应用三维制作软件3Dmax、Maya、AfterEffect、C4D等其中1-2种；,6、极强的团队合作意识，对工作保有热情，具备一定的抗压能力。",上海茗裔文化传媒有限公司,合资,少于50人,"影视/媒体/艺术/文化传播,广告","上海茗裔文化传媒有限公司，简称茗裔，成立于2013年，是一家新媒体高新技术企业。茗裔致力于多媒体资源整合为核心的新媒体新技术，并应用于影视，动画，游戏，交互,工程设计等多方面技术领域。加入我们的意义：在这里你不再是打工的，而是在舒服的享受中完成了，实现自我价值的工作；我们提供的是展示您才能的平台而不是一份只为温饱简单的工作；从此你不在孤单，让那些内部钩心斗角的氛围去死吧，我们是朝阳产业，强大的市场需求让你没有时间去思考内耗的问题。我们更懂你！这里汇聚了一群有梦想并且有能力实现梦想的人，期待你的加入！",3000,8000,5500.0,上海-崇明区,在校生/应届生,大专
三维动画师,"五险一金,带薪假期,零食饮料,弹性工作,定期团建","动画/3D设计,后期制作","1、熟悉建模、渲染、骨骼绑定等，参与三维场景、模型的设计与制作；,2、根据项目要求可以独立完成三维动画设计，包含人物、大场景、单体部件等动画展示；,3、拥有单独且高品质完成制作的能力，同时具备团队合作精神；,    ,4、遇到项目上的问题能够及时与部门主管沟通，并给出合理的解决方案。,职位要求:,1、大专及以上学历，美术类、设计类相关专业，有3年以上相关工作经验；,2、熟练使用3DMAX、Maya、Photoshop等软件工具；有影视后期动画制作经验者优先,3、具有一定的美术功底，优秀的色彩感觉，较强的三维空间想象力和创造力；,4、熟练掌握材质、灯光的运用，对3D场景建筑建模和贴图、动画、特效均有一定的认识；,5、有责任心，沟通协调能力强，具有较强的团队合作精神。",上海凯全广告有限公司,民营公司,少于50人,"广告,影视/媒体/艺术/文化传播",FLIP于2016年在上海创立，是中国顶尖视觉公司。主要从事广告、网络剧、综艺节目、电影、电视、MV、及网络游戏的后期特效制作。核心团队成员多来自海外，均为本行业的顶尖人才并从事相关工作多年。Flip的制作环境、设备一流，工作区域面积达500平米，拥有online、offline、工作室各两个，还有两个多媒体室，一个TC房间和专门为三维打造的工作室。Flip是真正意义上的一站式后期制作公司。公司主要以行内资深人员和新生代的年轻制作人员组成。公司致力于打造一个集技术研发、创新、人才培养为一体的跨领域的多元化后期制作公司。“客户***”，让客户在Flip得到更好的体验和满意的服务是我们一贯的坚持。除了给客户提供***的特效后期制作，最意想不到的视觉效果，Flip还会带给客户最独特的体验。 客户在 Flip 能享受着舒适的空间，如同在私人会所般的自在。另外，Flip 会以不同客户在观赏影片的需求来提供绝对私密的观影空间，并且我们根据项目的不同来订制最合适的工作流程。,6000,15000,10500.0,上海-徐汇区,3-4年经验,大专
激光割操作员,"包住宿,全勤奖,餐饮补贴,周末双休,餐补,五险,年终奖金,生日福利,法定假福利",技工,"技能要求：,展开图，激光割，折弯，剪板,岗位职责：,1、熟练使用机械设计软件，熟练完成激光割、折弯等零件加工；,2、对工具、设备进行定期保养，正确使用和保护公司下发的维修工具，安全文明生产；,3、对自己加工的产品进行检验，确保产品符合品质要求；,4、按照车间主管安排工作任务及时完成；,5、负责工位区域环境5S。,任职资格：,1、会画展开图，2年以上激光割操机、折弯相关经验，有扎实的钣金工基础；,2、具备钣金专业知识，要求懂钣金制作，能看懂图纸；,3、遵守安全操作规程，执行维修工艺、标准；,4、爱岗敬业，做事认真细致；,5、服务意识强，适应团队工作。,一份稳定长久的工作，是疫情期间大家共同的诉求，我们可以提供稳定的平台，提供工资准时发放的保障；,公司重视员工能力的培养，以能力定薪资，合理的奖励、调薪机制；,重视员工关怀，生日福利、传统节日福利、还有六一、38等其他节日福利等；,公司实行22天工作制，不鼓励加班，认真工作也要认真生活，欢迎你们的加入！",成都国润通科技发展有限公司,民营公司,50-150人,"仪器仪表/工业自动化,机械/设备/重工",成都国润通科技发展有限公司位于郫都区望丛东路888号，公司于2017年03月成立，在公司发展壮大的3年里，我们始终为客户提供好的产品和技术支持、健全的售后服务。       我公司主要经营工业机器人、非标自动化设备为主，因公司业务发展需求，现面向社会招聘精英，主要需求岗位有：机械工程师、电气工程师、编程工程师、调试工程师、数控机床操机技师等，详见招聘岗位要求，欢迎有志之士加入我们的团队。,4000,7000,5500.0,成都-郫都区,3-4年经验,NA
美术老师,"生日福利,过节福利,五险","绘画,兼职教师","公司简介：,本公司为彩翼儿童美术南京江宁校区，彩翼儿童美术成立于 2006 年初，在全国已有,近 200 家分校。首创无范画引导式教学模式，由完备的教学研发团队编写专业儿童创意美术课程，是业内***一所拥有专利课程系统的儿童创意画培训机构，通过美术学习培养,2.5 岁以上孩子的观察力、创造力和审美力。同时组织专业高端的画展、研学、比赛、考级等活动，小班化（6 人以内）教学，保证课程质量。,我们致力于做一家有激情、有创造力、有品位、有情感的企业，为培养出具有美术鉴赏及绘画能力的下一代做出积极的努力，为中国下一代美术才华整体提高做出贡献。我们期待您的加入！,Color your soul！为灵魂着色！ ,1. 美术相关专业应届或往届毕业生，美术功底扎实；,2. 愿意从事儿童美术教育行业，并对低龄段孩子有耐心；,3. 愿意参加公司提供的为期 2 周的彩翼北京总部培训；,薪资待遇：,1. 基本工资 + 课时费 + 招生/续课奖励，5-8K；,2. 提供社保、体检、员工旅游等福利待遇；,3. 双休：周三到周日。,注：美术老师没有硬性招生任务。,工作地点/联系电话：,工作地点：南京市江宁区清水亭路长亭街 9 号俊杰大厦 5002 室（3 号线九龙湖站 2 号出口处）,联系人：龚老师18901586466,邱老师19951766296",北京宇翼文化传播有限公司,民营公司,50-150人,影视/媒体/艺术/文化传播,"CaiyiIris（彩翼）——孩子艺术成长道路上的规划师孩子们就是未来社会的中坚力量，儿童美术教育作为素质教育的重要组成部分，应给予孩子们与未来相匹配的教育。从“Made in China到Design in China”，着力从源头改变，让一千万个孩子爱上画画，让一千万个家庭认识真正的儿童美术。CaiyiIris（彩翼）的教学理念、13年的体系课程,对孩子进行系统的、有效的艺术成长规划，让孩子在收获美术能力的同时,提升其成长品质。更重要的在孩子成长期的每一个关键点：2.5岁、4岁、6岁、12岁......美术都是实质性的，有效的意义节点，在孩子学习中、生活中都起到深远的影响和积极的作用——让孩子的未来与众不同！CaiyiIris，愿意陪伴孩子的艺术成长！",5000,8000,6500.0,南京-江宁区,NA,NA
动漫设计,"带薪年假,周末双休",动画/3D设计,"岗位职责：,1.负责公司项目动画媒体的制作设计工作；,2. 根据脚本要求可独立完成2D动画设计和制作，动画展示；,3.制作公司相关宣传动画资料，确保项目成品输出时效及质量 。,任职要求：,1.有企业宣传片、动画制作经验者优先（熟练使用AE AI/PS PR软件）；,2.美术设计、动画设计相关专业，大专及以上学历；,3.具有良好审美和创新能力，丰富想象力和画面表达能力；,4.具备良好沟通协调能力及较强的团队合作精神。",武汉博课莱教育科技有限公司,民营公司,50-150人,教育/培训/院校,澳喆机器人是一家集研发、生产、教学、推广、销售、服务为一体的创新教育集团，澳喆已国际先进的教育理念为指导，以机器人构建为主要课程内容，融合了STEM教育核心学科，为中国孩子提供系统、科学的机器人教育方案，让幼儿园实现高效、低风险开设机器人课程。澳喆机器人以高端教育资源助力幼教事业发展。与国内985、211等重点大学，国外知名幼儿机构和教育职能部门建立长期合作关系，拥有幼儿园教育核心资源及运营渠道。近年来，澳喆机器人联合国内多位幼教专家、儿童心理学专家及幼教一线名师经过实践与应用，不断完善修订，打造了符合中国儿童身心发展与学习成长的专业机器人课程，受到业界人士的一致认可。澳喆机器人以其独特的课程特色和先进的教育理念，针对学龄前儿童，秉承着“做让孩子受益一生的教育”的教育理念，以快速发展成为中国领先的机器人教育品牌。国家大计，教育为本。做教育，就要做让孩子受益一生的教育。澳喆立志成为中国幼少儿机器人教育的领导者。 愿景：成为中国机器人教育领导者使命：做让孩子受益一生的教育价值观：专注、专业、责任、创新,4000,8000,6000.0,武汉-洪山区,3-4年经验,本科
UI/UE高级设计师,"五险一金,包三餐,500强","UI设计师,交互设计师","工作职责：,1、负责公司智慧充电产品的交互设计和创新工作，并输出交互原型设计； ,2、负责分析竞品交互设计、用户体验设计语言、最新设计趋势等，形成分析报告，并对现有产品交互提出优化建议，和改进方案； ,3、 基于用户理解和用户研究，分析用户行为，交互设计原则，与产品经理一起制定产品交互设计方案； 4、参与进行产品用户体验评估，根据评估结果持续优化产品的用户体验设计。 ,岗位要求：,1、 本科及以上学历，工业设计、人机交互、视觉传达、设计艺术、计算机、心理学等相关专业； 2、五年以上知名互联网公司交互设计经验，或者一年以上智能家居产品交互设计经验； ,3、 具备两个以上完整的互联网产品交互设计案例对交互设计有深刻理解，能够独立完成具体单款产品交互设计；,4、精通交互设计流程，熟悉移动端互联网产品交互设计规范及设计趋势; ,5、精通用户研究及数据分析，缜密的逻辑思维能力，基于用研及数据来提升用户体验； ,6、具备熟练的工作软件技能 包括但不局限于(如PsAxureXMindSketchPrinciple)等； ,7、具备视觉方案动画展示制作能力者优先",恒大智慧充电科技有限公司,民营公司,150-500人,电气/电力/水利,为配合国家汽车产业结构转型升级战略，恒大集团在新能源汽车行业积极布局，努力推动新能源汽车产业发展。恒大智慧充电科技公司作为集团新能源汽车版图的先锋部队，致力于推广普及充电基础设施，为新能源汽车发展助力。    公司基于物联网、大数据、人工智能等技术，依托智慧充电管理平台，实现桩联网、车联网、人联网的“三网融合”，提供完整的智慧充电解决方案，解决居民区内电力容量不足、改造成本高等问题，最终为用户提供优质的充电服务和安全便捷的充电体验。,20000,40000,30000.0,深圳,5-7年经验,本科
三维动画师,"员工旅游,五险一金,年终奖金,餐饮补贴,提供集体宿舍,绩效奖金","后期制作,影视策划/制作人员","岗位职责,1根据项目要求可以独立完成三维动画设计，包含人物、大场景、单体部件等动画展示；,2参与三维场景、模型的设计与制作；,3有效的处理建筑、地形、绿化、小品等场景效果。,任职资格,1、大专及以上学历，美术类、设计类相关专业，有1年以上相关工作经验；,2、熟练使用3DMAX、Photoshop等软件工具；有工程施工动画制作经验者优先；,3、具有一定的美术功底，优秀的色彩感觉，较强的三维空间想象力和创造力；,4、熟练掌握材质、灯光的运用，对3D场景建筑建模和贴图、动画、特效均有一定的认识；,5、有责任心，沟通协调能力强，具有较强的团队合作精神。",上海影辰文化传播有限公司,民营公司,少于50人,"影视/媒体/艺术/文化传播,广告",上海影辰文化传播有限公司成立于2005年。十年风雨、砥砺前行，公司已成长为众多知名客户可以信赖的影视广告创意、拍摄、制作一站式解决方案供应商，为客户提供艺术与技术完美融合的各类影视宣传产品。公司成立十年，服务客户一百余家，制作各类影片400多部。2011、2012连续两年荣膺中国广告协会优秀影视制作公司、荣获上海月盛经济开发区2012及2014年度“纳税百强企业”称号。2017中国广告影视年度策划大奖。公司现位于上海浦东沪南路2218号BHC中环中心西楼1012是\5A甲级商务办公楼。上海影辰成立十年，服务客户百家，完成作品三百余部。公司目前自主拥有当前***的超高清电影级设备SONY F55电影机、蔡司全套电影定焦镜头；全高清广播级SONY HDW 800P，以及HDW-D1800高清录像机；最新一代航拍利器大疆“悟”等。公司拥有一线资深的高素质影视导演、功底扎实的文案策划精英班底团队。影辰视角独特的摄影、摄像师及充满创意的后期制作长期以来从事企事业单位的形象片、宣传片、专题片、广告片、汇报片的拍摄制作，后期制作能力涉及：电视栏目策划包装、动画设计、影视片头、电视剧前后期策划制作等项目。,8000,10000,9000.0,上海,2年经验,本科
产品动画后期制作+双休+福利好（佛山市）,"员工旅游,餐饮补贴,周末双休,社会保险,工作环境优美","多媒体设计,动画/3D设计","1根据项目要求可以独立完成三维动画（包含产品、室内外场景、流体特效等动画展示）与后期合成；,2参与三维场景、模型的设计与制作，后期合成与输出；,3有效的处理建筑、地形、绿化、小品等场景效果。,任职资格,1、大专及以上学历，美术类、设计类相关专业，有1年及以上相关工作经验者优先；,2、熟练使用三维动画设计软件；有工程施工动画制作经验者优先；,3、具有一定的美术功底，优秀的色彩感觉，较强的三维空间想象力和创造力；,4、熟练掌握镜头语言、动画规律、材质、灯光的运用，对3D建模和贴图，特效均有一定的认识；,5、有责任心，沟通协调能力强，具有较强的团队合作精神。,1、工作时间：单双休轮流，早8:30午休2H晚6:30,2、公司为正式员工购买养老、医疗、工伤、失业、生育保险；,3、月薪：你有多少实力，就值多少，你有多么牛，就有多少；（详情面谈）,4、国家法定节假日、带薪年假；,5、员工生日会的举办、公司及部门聚餐、“水果汇”、羽毛球竞赛、KTV活动、节假日礼物、三八节礼物、元宵节、端午节、中秋节、圣诞节礼品礼金、员工旅游等员工活动；",佛山市指艺科技有限公司,民营公司,少于50人,计算机软件,创活力科技——专注于定制家居ipad客户端导购系统及Android、IPhone智能手机客户端系统开发一站式服务商，聚焦企业品牌个性与产品特点，为客户定制专属方案，提升企业宣传和产品展示的互动性、灵活性与高效性，助力客户赢战终端！假如你有梦想，敢于挑战自我，我们愿为你的梦想插上腾飞的翅膀，我们为你提供专业的展示舞台我们不是***的！但我们确是最具活力，最具潜力，最有责任的！这里有着一群和你一样充满活力，充满激情的年轻人，有梦想就要实现！迈开你的步伐，这里将是你的新起点！我们真诚期待你的加入！,4000,10000,7000.0,佛山-南海区,1年经验,大专
少儿书法老师,"弹性工作,绩效奖金,专业培训,五险,员工宿舍,年终奖金",其他,"少儿书法老师：,1、3-12岁幼儿/少儿的书法教学工作；,2、校区亲子活动的执行、教室画展布置等工作；,3、所带班级家长沟通与服务工作。,岗位要求：,1、有爱心，有责任心，热爱少儿书法行业，书法功底佳；,2、有一定的组织能力，能掌握幼儿教育心理；,3、活波、亲和力强，工作有激情；,4、上进心强，爱学习；,5、有一年以上的工作经验。,6、年龄22到30岁，本科以上书法教育或相关学历；,7、思路清晰，具备基本的职业素养。",长沙市雨花区拾贰阅培训学校有限公司,民营公司,50-150人,教育/培训/院校,"公司介绍：安图睿国际教育官方平台—源自北美的高端教育平台，是国内最具创意、理念最新、配套***的一站式多元化学习中心。旗下有“慧本悦读”、“英文分级阅读”、“思维美育”、“国学书法”四大课程和教育配套服务项目。我们推崇尊重、悦纳、激发的教学原则，以全人教育为最终培育目标。基于国内外优质的教学资源，以独特的思维理念及丰富的教学经验为0-12岁孩子的素质教育提供一站式国际化全人教育学习平台。课程简介：安图睿·慧本悦读是专门面向儿童开展早期阅读启蒙和阅读兴趣、习惯培养的教育机构，经过长期开发和整合，以绘本为载体研发出来一套分龄阅读教学体系：通过专业阅读老师引导，与孩子现场互动，课下亲子共读，带领3到7岁的儿童一周阅读一本书，一年精读40本经典绘本，课下通过亲子共读读完200—300本经典绘本。英文分级阅读安图睿英文分级阅读美式课堂，引入北美专业分级阅读课程体系，依托美国Scholastic, HMH等国际知名原版分级读物；专业语言习得教研团队，为孩子打造以分级阅读为特色的全新英语学习模式；个性化、多元化教学，让你的孩子从此爱上阅读，爱上英语，成为终身双语阅读者！思维美育安图睿国际教育美学课程中心专注于3-12岁儿童美育的实践与研究，以美术课程为载体，拥有专业的绘本阅读+美术课程表达课程体系，站在全人美育的高度，摈弃课堂具象的技巧，注重多学科艺术的融合，以展现自信的人格魅力为教育导向，坚持“美术过程重于美术作品”的内容传达理念。国学书法安图睿国际教育书法课程，在传统书法教育的基础上，突破创新，以“书法教育延伸至家庭”作为核心理念，采用个性化教学的方式帮助孩子打通书法艺术和实用书写之间的壁垒，提高孩子的书写能力，实现学以致用，全面“字”强的目标。校区地址：德思勤校区地址：长沙市雨花区迎新路御溪国际3栋东侧1楼吾悦广场校区地址：长沙雨花区劳动路与花侯路交汇处长沙高铁吾悦广场商场四楼耒阳五一东路校区地址：耒阳五一东路88号城市便捷酒店3楼",3000,8000,5500.0,长沙-雨花区,1年经验,本科
动画设计师,,动画/3D设计,"岗位职责,1根据项目要求可以独立完成三维动画设计，包含人物、车辆、单体部件等动画展示；,2参与三维场景、模型的设计与制作；,3有效的处理建筑、地形、绿化、小品等场景效果。,任职资格,1、大专及以上学历，美术类、设计类相关专业，有1年以上相关工作经验；,2、熟练使用3DMAX、Photoshop等软件工具；有车辆动画制作经验者优先；,3、具有一定的美术功底，优秀的色彩感觉，较强的三维空间想象力和创造力；,4、熟练掌握材质、灯光的运用，对3D场景建模和贴图、动画、特效均有一定的认识；,5、有责任心，沟通协调能力强，具有较强的团队合作精神。",上海比昂健康生活企业发展有限公司,外资（非欧美）,50-150人,"快速消费品(食品、饮料、化妆品),机械/设备/重工",上海比昂集团是较早进入中国的一家中外合资企业，1993年成立于上海，旗下有：上海比昂建筑装潢工程有限公司、上海比昂健康生活企业发展有限公司、上海比昂福利事业投资有限公司、上海比昂国际旅行社有限公司等等，主要经营：快速消费品、机械制造、室内设计与装潢、养老产业、旅游行业。是一家与国际接轨、经营多元化的资深企业。欢迎各位有志者加入。,10000,15000,12500.0,上海,3-4年经验,大专
钣金工程师,,"机械工程师,冲压工程师/技师",要求：钣金行业工作6年以上，熟悉各个工序的工艺要求，会画展开图，拆分图，简易模具图，核算成本，待遇10000-15000联系人，林先生，18925235044,深圳市欣成源科技有限公司,民营公司,150-500人,机械/设备/重工,深圳市欣成源科技有限公司于2008成立，是一家专业从事五金、板金生产加工一体化企业，主要从事机箱、机柜、散热气、电子产品外壳生产与销售.,10000,15000,12500.0,深圳-光明新区,5-7年经验,大专
BIM动画工程师,"五险一金,补充医疗保险,员工旅游,餐饮补贴,绩效奖金,年终奖金,定期体检,弹性工作","工程造价师/预结算经理,建筑工程管理/项目经理","工作职责：,1、参与工程项目动画展示工作，并协调完善；,2、熟悉三维建筑动画制作和施工模拟工作，制定和完善整套流程；,3、应用3DMAX，AE，Lumion，navisworks，Fuzor，solidwrks或inventor，synchro等软件，完成3D建筑场景动画和施工模拟工作，并积极发挥团队优势，协调宣传展示；,4、对Unity、UE4有一定了解者，优先录用。,5、协助完成部门其他工作任务。, ,任职要求：,1. 大专及以上学历，建筑类或动画制作类专业；,2. 熟练使用3ds max、PS、PR、CAD、Lumion；",江苏筠汇项目管理咨询有限公司,民营公司,150-500人,建筑/建材/工程,江苏筠汇项目管理咨询有限公司，成立于2017年2月，注册资金1000万元，具有独立法人资格。2019年2月，公司取得了建设部批准的甲级工程造价咨询资质证书，经过多次的合并重组，公司承继了江苏筠汇项目管理咨询有限公司、江苏建壮投资管理有限公司（苏州）和苏州筠荟建筑咨询有限公司的人员、业务、业绩及荣誉等，并得到了主管部门的批准，现专业从事建设工程造价咨询及工程招标代理。   随着专业人才储备的增加以及业绩经验的积累，公司能够提供建筑工程、安装工程，市政、交通、水利工程以及装饰装修、仿古园林绿化工程项目各个阶段咨询服务：在项目前期阶段，公司可以帮助客户做项目经济性对比，编制审查设计概算并帮助提供优化设计方案；在项目实施阶段，公司可以提供全过程造价控制（跟踪审计），编制工程量清单及标底，编制（审核）工程预算以及工程结（决）算审计（核）服务。   咨询项目主要有：南京水务公司桥北污水处理系统，浦口顶山街道大新村经济适用房，浦口区万寿路、临滁路、望江路，顶山都市产业园研发生产用房，南京立业电力变压器新厂区工程，南外仙林分校，苏州快速干道西环路，无锡联通通讯管道工程，溧水人民医院，句容科技局综合楼，苏州万达广场、镇江万达广场、泰州万达广场、武汉万达广场、徐州万达广场，九龙仓无锡项目、武汉项目，常发置业常发大酒店、常州豪庭花园、苏州香城花园等，仙林地产南京五福家园、青田雅居、翠林山庄等，中电颐和家园，南京旭日景城，雅居乐江宁藏龙御景、浦口滨江花园住宅小区，苏州吴江大厦，连云港市九龙国际大酒店，通辽金煤化工项目等工业、民用、市政、电力通讯项目。,8333,12500,10416.5,苏州,3-4年经验,大专
插画师(人物方向）,"五险一金,补充医疗保险,周末双休","绘画,原画师","1、绘画，美术设计相关专业毕业，有非常好的绘画功底,2、具备良好的画面控制理解能力，表现能力和颜色搭配能力,3、有很好的画面控制能力，线条表现能力以及颜色搭配能力,4、可以独立完成线稿和上色，速度比较快，风格多变,5、对画面、构成和色彩有敏锐的观察力和调和力；善于将内容信息进行绘画展现；对插画形式富有创新能力和创造力；,福利,6、有儿童插画经验优先,1、周未双休,2、享有国家节假日福利,3、增加补充医疗保险,4、每年出外旅游,5、节假福利",叶限文化有限公司,民营公司,少于50人,"批发/零售,环保",叶限文化有限公司——是一家以设计创作楚文化产品为主的创业型公司，公司拥有一批有激情、有活力、有梦想的年轻团队。     扁平化管理模式中，不同背景，地域、经历的小伙伴们积极分享自己的宝贵经验，助力于彼此的成长。在朝气，积极的办公环境中促成大家有洞察、有结果、有信任、有格局的做事风格。      大家携手并进致力于将公司打造成一个传承品质生活，有责任，有梦想，有创新的新型企业。       公司办公环境优美（地处风景优美的东湖之畔），交通便利（地铁2号线旁）设施齐全（有单独健身房）管理很人性（每月不定期的公司团建，每周定期下午茶，每天不限量的零食饮料）   我们为员工提供：“导师制”培训制度健康快乐的职场氛围良好的职业发展通道我们提供的福利待遇：每周5天的工作制度，周末都留给家人和朋友社会保险+商业保险每月不定期的公司团建聚餐，每周精心准备的下午茶琳琅满目的节假日礼物,4000,12000,8000.0,武汉-东湖新技术产业开发区,2年经验,本科
3D动画设计师,"员工旅游,通讯补贴,绩效奖金,全勤奖,加班补助,节日福利,六险一金,带薪年假",动画/3D设计,"1. 每年1-2次的调薪,2. 六险一金,3. 每季度的部门团队团建活动（美食、K歌、轻松、无压的氛围）,4. 全体员工集体旅游每年1-2次,5. 不定期的团队户外团建（羽毛球、攀岩、真人CS......”什么嗨皮咱玩什么）,6. 每年4星级以上酒店年会、活动至少2次,7. 全体员工各大节日礼品、礼物多次,8. 每年每人入职周年特别庆祝活动一次（鲜花、定制礼物、蛋糕等）,9. 免费停车,1、主要负责公司大型产品的使用演示，安装演示，动画效果图。,2、室内场景， 生长，单体部件，设备，等动画展示。,3、能够精准的把控不同材质的风格，能独立完成三维动画的设计和制作。,4、实时关注行业设计新趋势，有良好的沟通能力，具有团队协作精神，工作认真负责。,1、工业设计、 美术、动画、视觉艺术相关专业人员；,2、熟练操作一种3d动画软件，（MAYA，MAX，C4D,XSI,builder，motion） ,，熟练使用AE后期特效软件；",青岛世纪云帆实业有限公司,民营公司,50-150人,机械/设备/重工,青岛世纪云帆实业有限公司位于青岛市城阳区首创空港国际中心，是一家集研发、管理、制造、销售、服务于一体的生产贸易型企业。公司以五金类产品的生产为依托，产品涉及五金索具、畜牧设备、物流配件等行业。公司以产品为核心，以人才为保障，本着“因为专业，所以更好”的理念，近几年得到了蓬勃的发展，公司的明天期待与你一起打造。    公司有完善的薪酬激励制度，完备的市场营销体系，线下以展会为主，创造更多与客户面对面的机会，线上以Alibaba、中国制造、Google、YouTube、Facebook等第三方平台为基础打造全网营销模式，这里是你施展自己的舞台，你还在等什么？    我们是一家蓬勃发展，充满生机的企业，我们更是一支年轻活力的团队，我们渴望***的人才，唯有你的优秀，才能创造我们共同的事业。我们看中你的实际工作能力，同样我们坚信唯有用心努力者才可以取得成就。我们为你提供发展的平台，成绩为优秀者而准备。    欢迎联系我们，给我们一个与优秀的你共事的机会！    加入云帆后，你将获得如下支持：    个性化团健礼包：“团建、聚餐、K歌、户外拓展、羽毛球、攀岩、真人CS......”什么嗨皮咱玩什么，增进团队感情。    专业的技能培训：岗前带薪培训——入职后企业文化培训——ONE BY ONE专业培训——技能培训——晋升培训（学习是辛苦的，但经验是留给自己的）；    温馨的福利政策：团建基金、节日福利；每年拓展旅游1-2次，全员参与；入职周年庆祝。    加入云帆你得到的最重要的礼物是一支优秀的团队！    公司官网：www.qdsailrigging.com,4500,6000,5250.0,青岛-城阳区,在校生/应届生,本科
创意画老师,,音乐/美术教师,"一、需有上课经验，独立完成 授课，对学员的课堂表现等情况和家长保持沟通和交流；,二、协助研发新课题、教案、范画制作以及课前准备工作；,三、美术课程的教学工作、实施听课、授课计划、保证教学质量，参与教学评议等；,四、协助总部、各校区举办的活动和画展；,五、完成领导交代的其他事情。",合肥瑷特教育咨询有限公司,民营公司,少于50人,教育/培训/院校,艾特美术是一家专注于青少年儿童专业美术的教育机构，目前有综合美术、精品游学、主题写生等核心产品。针对不同年龄阶段、开设有水彩、色粉、油画、卡漫、国画、书法、素描等多种专业绘画课程。通过带孩子们体验不同的绘画形式、以及在社会自然和生活中发现美、体验美，带孩子进入一个全新的艺术世界！,6000,8000,7000.0,合肥,2年经验,大专
三维动画师,"年终奖金,绩效奖金,社保,提供宿舍",动画/3D设计,"岗位职责,1根据项目要求可以独立完成三维动画设计，包含人物、大场景、单体部件等动画展示；,2参与三维场景、模型的设计与制作；,3有效的处理建筑、地形、绿化、小品等场景效果。,任职资格,1、大专及以上学历，美术类、设计类相关专业，有1年以上相关工作经验；,2、熟练使用MAYA或3DMAX、Photoshop等软件工具；有工程施工动画制作经验者优先；,3、具有一定的美术功底，优秀的色彩感觉，较强的三维空间想象力和创造力；,4、熟练掌握材质、灯光的运用，对3D场景建筑建模和贴图、动画、特效均有一定的认识；,5、有责任心，沟通协调能力强，具有较强的团队合作精神。",宁波言尔文化传媒有限公司,民营公司,少于50人,"影视/媒体/艺术/文化传播,广告",宁波言尔文化传媒有限公司是专注于高品质影视广告、电视广告片、企业宣传片（中英文版本）的策划和拍摄纪录片、图片广告的拍摄和剪辑制作的多媒体视讯传播机构。多年来活跃在与创意产业相关的影视广告、宣传品制作、微电影拍摄、专业品牌设计等各个领域；为客户提供企业产品营销定位分析、视觉创意设计、摄影摄像、后期数字剪辑合成、多媒体DVD制作输出等全方位数码影像解决参考方案秉承着优质高效，全诚服务于客户的理念多年影视制作经验的累积，为众多企业、博物馆、单位制作出品质优良的作品，获得客户及业界良好的口碑，我们的目标，替客户讲好您的故事。,4500,6000,5250.0,宁波-镇海区,1年经验,本科
美术环创老师,"五险一金,包吃,绩效奖金,节日福利,交通补贴,高温补贴,专业培训,周末双休",院校教务管理人员,"工作内容：,1、   承担园内大环境、班级创设的策划、组织实施工作；,2、   提供教案进行备课、备料完成园所安排的教学任务配合班上老师的教学，做好幼儿观察记录；,3、   进行相关的课程宣传活动及市场推广活动,4、   组织幼儿参加园内园外的各种画展、考级及社会性活动；,5、   定期做好与家长的沟通交流、联系工作；,6、   积极参与园内、园外的教研活动，提高个人的专业素养；,7、    完成上级交办的其他工作。,任职资格：,1、   教育背景：美术教育专业,学前教育，幼儿心理学等大专以上学历。,2、   培训经历：相关专业知识培训。,3、    经    验：有相关幼儿美术教学工作2年以上。,态    度：,1、    认同伊桥幼儿园的教育理念、伊桥的企业文化； ,2、    热爱美术教育事业，爱护、了解、关心、尊重幼儿； ,3、     有较强的工作热情和责任感；,4、      亲和力、沟通、协调能力较强。,工作地址:武汉江岸区后湖大道66号 三元 中央公园 陌陌屋 B4,联系人：  027-85889912",武汉市江岸区伊桥幼儿园有限公司,民营公司,50-150人,教育/培训/院校,"新加坡伊顿国际教育集团来自美丽的新加坡，通过举办国际学校，幼儿园以及提供幼儿教师教育课程，为亚洲的12个国家提供优质的教育服务。伊顿国际教育集团在新加坡和中国国家教育部均有注册，同时也是国际学校理事会的成员。自1995年成立以来，集团已开设超过110所国际学校和伊顿幼儿园，分布在12个国家和地区 - 新加坡，中国，印度，印度尼西亚，日本，韩国，马来西亚、柬埔寨、越南、中国香港、缅甸和中东地区。学生分别来自不同的国家和文化背景，目前有超过10,000名来自61个不同国籍的儿童就读于伊顿。伊顿国际教育集团也在不断评估亚洲，中东和中东以外的其他地区的机会，期待为更多的地区与国家提供高质量的教育服务。伊顿各学校间的课程尽管呈现不同，但均保持着共同的特点和愿景，也即是培养有使命感的年轻人，热情的终身学习者和对未来充满信心的世界公民。通过这些课程，伊顿努力把重点放在教学方法的整合，基于***教学实践基础上的研究，承认并积极发掘每个学习者的全部潜力，发展家庭与学校的真正伙伴关系。    武汉市江岸区伊桥幼儿园于2017年开园，秉承伊顿的教育理念，打造国际高端双语幼儿园，得到了幼儿家长的一致好评。",3300,5300,4300.0,武汉-江岸区,3-4年经验,大专
市场经理（双休+高提成）,"员工旅游,社保,做五休二,绩效奖金,年底奖金",市场/营销/拓展经理,"岗位职责：,1、根据公司战略和方向，结合所辖市场情况，对所负责的区域商家制定高效；,2、推广运营策略和落地方案等;,3、进行商务谈判、签署合作协议；,4、负责与相关同事共同制定和开展画展活动；,5、市场渠道调研分析、反馈问题、提交解决方案；,6、维护与合作单位的合作关系；,任职要求：,1、大专以上学历，市场营销、广告学、新闻传播学等相关专业,2、2年工作经验以上，特别是在教育行业经验,3、 对市场营销的各个领域有基本的了解,4、 具备快速自主开展工作的能力，及时满足工作需求,5、良好的职业操守和沟通技巧，愿意在公司长期发展,公司福利：,1. 作息时间：双休，朝九晚六，享受国家法定节日,2.职业发展：完善的员工晋升机制，巨大的纵横向发展空间,3.培训学习：新员工入职免费培训，不定期职业学习管理培训,4.员工福利：定期组织团队聚餐，户外拓展跟国内外旅行,5.薪资福利：享有绩效，年终奖金,6.团队氛围：满是热血，工作强劲，充满活力年轻团队",广州和润文化咨询服务有限公司,民营公司,50-150人,"政府/公共事业,影视/媒体/艺术/文化传播",广州和润文化咨询服务有限公司总部坐落于广东省广州市天河区中信广场，主要负责企业管理服务、企业管理咨询服务、策划创意服务商务咨询服务等创意策划业务及咨询服务等主营业务，同时也是一家专注人才引进的多元化创新公司。依托品牌战略规格管理能力、营销传播内容策划创意能力、整合营销传播执行能力等核心竞争优势，我们为互联网、金融、文化旅游等众多行业的客户提供专业及优质的品牌战略规划与管理、大型活动策划与创意设计、整合营销传播策划等品牌管理与整合营销传播综合服务。和润自成立以来，利用强大的行业资源和深厚的专业背景，致力于提供丰富、专业的全方位、一站式服务，借鉴国内外成功的经验，依托独创的经营理念和完善的管理体系，拒绝空谈，竭诚为国内各行业客户提供更有价值的服务。获得全国人力资源诚信服务示范单位中国就业培训技术指导中心开办技能培训学院广州思彦文化产业控股有限公司总部坐落于粤港澳大湾区的广州市天河区，艺术展厅位于广州市大学城，是国内外最具有影响力的文化艺术专业门户及活跃互动社区，是获取艺术资讯的首选平台，是文化艺术收藏投资及爱好者不可或缺的重要媒介。我们秉承“求真·务实，诚信·共赢”的发展宗旨，以从事艺术品投资、交易、展览销售、保真交易、宣传策划、鉴定评估、委托交易等一系列专业化服务，打造强视觉、超震撼、互动性、趣味性的品牌艺术，致力于艺术品流通节，整合各方优势资源，有效地拉近创作者和大众市场之间的距离，为追求高品质生活方式的普通消费者提供一个物畅其流、物尽其用的高层次、高品质的消费平台，为收藏家和艺术品从业机构提供一个健康、良性、高效的流通平台。现公司致力于发展美术教育培训，自主研发教育课程，针对各个年龄段学员为他们打造一套最适合他们方案，在这里有专业老师一对一进行辅导，师资力量非常雄厚，是八大美院毕业高材生。,6000,10000,8000.0,广州-天河区,1年经验,大专
科系主任（美术）,"股票期权,年终奖金,绩效奖金,专业培训,员工旅游,寒暑假,生日福利,节假日福利,五险一金","音乐/美术教师,幼教","岗位职责：,1、有自己的教学风格，工作积极主动热情，具有团队领导力和协作精神，能够带动团队，并对教师的日常教学水平进行监督和定期测评。,2、具备编制4-18岁少儿美术培训课程以及教学方案的能力，能够对课程及教学模式提出改进方案并实施，善于开发新课程。,3、根据各校区、时节情况制定对应美术活动，每学期制定家长会、学生汇报、画展等活动规划并执行；定期与老师及家长沟通，掌握学生学习情况，协调科系教师；协助学校进行宣传和招生工作，完成招生、续班计划。,4、负责教室定期更新布置与学生画展布置，课前备课、课件执行、课后总结；教具、教学设备以及其他教辅产品的课前准备、交接、课后整理。,5、学校领导安排的美术科系其他工作。,任职资格：,1、美术学、油画、国画、艺术设计、雕塑等相关专业大专及以上学历，具有扎实的美术基本功及创作功底，优秀的教学能力和良好的职业道德素养。,2、热爱教育行业，热爱少儿美术教育，喜欢孩子，有亲和力，爱心和耐心，工作积极主动，有良好的沟通及解决问题的能力。,3、3年以上少儿美术教学经验，1年以上美术科系管理经验，有创新思维；有美术教师资格证优先  。,4、有较强的抗压能力和学习能力，能培养团队并带领团队成长。,薪资福利：,1、综合薪资6-10K。,2、完善的社会保险。,3、国家规定的法定节假日。,4、提成、奖金、分红、股权等多种福利。",成都平梵教育科技有限责任公司,民营公司,50-150人,教育/培训/院校,我们是中国领先的科技教育企业，以科技驱动为核心竞争力，专注于艺术教育行业，中国创新艺术教育体系创导者。公司牵头艺术专业高等学府以及教育相关部门机构，以互联网商业模式做艺术教育践行者。联合多家投资机构共同打造中国艺术教育服务平台，现已完成数百万天使轮投资。公司目前主要针对4-12的少儿以及成人的艺术教育培训，采取和社区合作的方式，目前在成都已有20多家校区（天使卓越国际学校），课程包括美术、声乐、乐器、舞蹈、书法等，后期还要开设一些文化课程。,6000,10000,8000.0,成都-金牛区,3-4年经验,大专
高薪诚聘国画老师,"五险一金,弹性工作,绩效奖金","音乐/美术教师,小学教师","★秦汉胡同国学书院是由上海长宁区教育局批准成立的非学历教育机构，深耕泛国艺、大国文领域18年，是目前全球最具影响力的国学文化教育公司之一，主要课程有书法、国画、国学、围棋、茶艺、古筝、古琴、二胡、琵琶、笛箫等。,★总部位于上海，目前深圳已开设12家校区，2020年将新增6家校区，全面服务于深圳市民的文化需求。,★加入我们，您将获得丰富完善的在职培训、舒适典雅的工作环境及优厚有竞争力的薪酬福利，还有广阔的发展空间！,1．小班制教学，负责儿童、青少年及成人国画教学工作；,2．完成试听课、公益课、国画展览等课程及活动的开展和后续跟进 ；,3．定期参加教研会议，不断提升教学质量，保证教学效果；,4．熟悉儿童、青少年、成人不同阶段的教学方法与技巧，营造良好的课堂氛围；,5．与学员及家长保持良好的沟通交流关系，提高满意度。,1．学历要求：本科及以上学历，有丰富教学经验者，可适当放宽；,2．专业要求：国画学、美术学、教育学、艺术类等相关专业；,3．能够针对不同年龄段学员进行教案编写、课程设计；,4．条理清晰，语言表达能力强，有一定控班能力和感染力，能够调动学员的积极性；,5．热爱中国传统文化，热爱教育事业。,1．课时费+提成+奖金；前期平均薪资6-12K/月，收入可持续上涨；,2．完备的五险一金；带薪年假；,3．独立舒适的教学、创作空间；,4．优雅古典的环境，与名家接触，与名品为伴，提升自我修养；,5．平台有学科教研组，注重老师综合能力的再提升；,6．丰富多彩的团队生活、员工关爱活动。,做五休二（周一至周四休两日，周五周六周日为工作日）；,两种班制：,早班 9：00 - 18：00,晚班 13：00 - 21：00,1．南山馆：南山区海德二道245号华彩新天地二楼,2．振华馆：福田区振华路61号地铁蛇口燕南站C出口,3．侨香馆：福田区侨香路3006号园博绿苑二楼,4．新洲馆：福田区新洲九街与新洲二街交界东北绿景新苑二期裙楼101兴万和教育广场二楼,5．坂田馆：坂田街道坂雪岗大道万科第五园9期万科里商业广场L208,6．横岗馆：横岗街道信义锦绣花园爱家教育广场二楼,7．宝体馆：宝安区宝源南路裕安路第五大道高发西岸花园T105-T120,8．西乡馆：宝安区新安四路荟悦城生活广场二楼,9．梅林馆：福田区梅林东方富苑中康路23号(友和医药）二楼,10．红山馆：龙华区龙华街道中梅路润达圆庭花园商场,11、蛇口馆：广东省深圳市南山区中心路海怡湾商业广场1-2楼,12、观澜馆：深圳龙华新区观澜福城街道茜坑社区观澜大道182福仁楼",秦汉胡同国学书院,民营公司,1000-5000人,教育/培训/院校,秦汉胡同国学于2002年开始创业，至今逾18个春秋。旨在将中华国学最基础的三个部分，即艺术丶诗文丶人文通识，藉＂听香读画，吃墨看茶＂的极致艺术空间，依托拥有全球化兼容并蓄的开放胸襟，具备传统文人扎实通识素养与学术能力的国学教师，向现代家庭，向全世界传播分享中华文化精粹，把中国心交给中国文字，让世界柔软。      秦汉胡同国学率先倡导国学教育为通识教育，并开创了艺术、诗文丶人文通识三位一体，即三画齐备、大者君子的国学教育学术与实践，成效华茂。艺朮模块包括书法、国画、围棋、茶艺、古筝二胡琵琶笛箫等为主的民乐和京剧昆曲等课程。诗文分为“蒙学“、“小学“和“经学”三个阶段。       蒙学阶段包括3.5岁起《三字经》、《千家诗》、《千字文》等蒙学经典在内的发蒙课程，使学生具备基本的学习能力和传统文化常识，童蒙养正；小学阶段包括“文字”、“声律”和“训诂”在内的基础文字训练课程，明声音、辨字义，掌握国学学习方法，为进一步学习国学经典与诗词创作打下扎实基础；经学阶段包括儒家经典、中华历史、诗文鉴赏与写作等课程，以诗教为途径，让学生通经明史，学习中国文化之精髓，成人成才。       人文通识模块，通过亲子人文通识教学，综合物证实物观摩、线下授课、在线图文、在线音视频、随机测试等方式，依托中华浩若烟海的文明物证，讲述中华色彩斑斓的长情故事，夯实中华上下五千年宝贵的家国情怀，与道德根基。秦汉胡同国学在做实国学教育的基础上，秦汉胡同在线、专卖丶中文丶好研社丶第伯乐等多个孵化项目亦健康发展。       目前，秦汉胡同国学已经在北京、上海、广州、深圳、杭州、南京、济南、娄底、临汾等地设立近70家国学馆，每年惠及数十万家庭。未来，秦汉胡同国学线下线上将不断融合，实现国学产品与服务的在线化、智能化、网络化，依托深度垂直的海量内容创造，向全社会开放国学教师培训，实现国学普惠。,6000,15000,10500.0,深圳-南山区,无需经验,本科
软装设计助理（双休）,"周末双休,五险,员工旅游,专业培训,节日福利,弹性工作","室内设计,建筑制图/模型/渲染","1、配合完成前期概念设计，组织制作、收集、挑选、整理所需设计资料；,2、熟悉供应商资源，材料价格，建立并完善软装资料库；,3、配合汇报文件，找寻概念化图片，制作家具、灯具、地毯、饰品清单；,4、配合项目跟进及摆场。,任职要求：,1、室内设计、平面设计、环艺美术等相关专业本科毕业，条件优异者可适当放宽；,2、应届生或有软装设计工作经验皆可，有良好的艺术修养、专业知识，熟悉软装设计与施工的相关专业规范；,3、对软装材料及软装预算具有把控能力，配合提高团队工作效率；,4、配合完成软装设计方案，对艺术风格和色彩有专业的见解；,5、有配合或独立完成酒店、样板房、高端家装等项目的软装设计经验；,6、熟练使用 CAD、SU、PS、3DMAX、PPT 等相关设计软件，能及时了解软装产品的更新。,福利待遇：,1、每周双休，缴纳社保五险；,2、法定节假日礼品；,3、年度活动（生日Party、设计旅行、公益活动）；,4、年度学习（上海设计展，展厅考察，家具参展，画展参展，建筑考察，家具分享会，材料分享会等等）；",宁波汉格装饰工程有限公司,民营公司,少于50人,"家居/室内设计/装潢,建筑/建材/工程",汉格设计成立于2008年，是一家专著提供高素质室内设计服务的纯设计机构。汉格团队由一群富有活力、创意和广阔视野的设计人组成，以构想客户共鸣为创作意念，为工装、家装和软装设计需求客户提供具有独特气质及创意的空间设计方案和设计服务，协助客户实现空间和产品的价值，达到客户与公司双赢为目的。致力成为宁波最具时尚文化的空间设计机构。专业荣誉：2014年中国百强青年设计师2014年金堂奖年度十佳购物空间设计2014年度设计优势力十大精英设计团队2014年宁波年度创意人物2014年文化部百强青年设计师2014年第十二届现代装饰国际传媒奖2015年金堂奖年度优秀别墅设计2015年国际***生态设计奖2015年大师营优秀设计师2017年度50IDEA宁波年度设计人物 ***酒店餐饮空间设计奖2017年度40UNDER 40中国（浙江）设计杰出青年2018年第二届中国空间应用设计大赛 红鼎奖2018年宁波新锐设计总评 茶花奖2018年宁波年度设计人物 杰出别墅空间设计奖2019年M+中国高端室内设计大厦 匠心设计大奖2019年度优秀空间设计 金尺奖2019年赞颂·创造力 亚太室内设计精英邀请赛 荣誉奖2019年度优秀空间设计 她设计奖,4000,7000,5500.0,宁波-鄞州区,无需经验,本科
设计师助理（双休）,"周末双休,五险,员工旅游,专业培训,节日福利,弹性工作","室内设计,建筑制图/模型/渲染","1、协助搜索及整理项目前期资料；,2、协助完成项目施工图；,3、日常材料及资料库整理；,任职要求：,1、室内设计或相关专业背景，本科以上学历，1-2年以上设计经验；,2、熟练使用 CAD、SU、3DMAX、PS、AI、ID 等相关设计软件；,3、热爱设计工作，责任心强，具有较高的团队协作精神。,福利待遇：,1、每周双休，缴纳社保五险；,2、法定节假日礼品；,3、年度活动（生日Party、设计旅行、公益活动）；,4、年度学习（上海设计展，展厅考察，家具参展，画展参展，建筑考察，家具分享会，材料分享会等等）；",宁波汉格装饰工程有限公司,民营公司,少于50人,"家居/室内设计/装潢,建筑/建材/工程",汉格设计成立于2008年，是一家专著提供高素质室内设计服务的纯设计机构。汉格团队由一群富有活力、创意和广阔视野的设计人组成，以构想客户共鸣为创作意念，为工装、家装和软装设计需求客户提供具有独特气质及创意的空间设计方案和设计服务，协助客户实现空间和产品的价值，达到客户与公司双赢为目的。致力成为宁波最具时尚文化的空间设计机构。专业荣誉：2014年中国百强青年设计师2014年金堂奖年度十佳购物空间设计2014年度设计优势力十大精英设计团队2014年宁波年度创意人物2014年文化部百强青年设计师2014年第十二届现代装饰国际传媒奖2015年金堂奖年度优秀别墅设计2015年国际***生态设计奖2015年大师营优秀设计师2017年度50IDEA宁波年度设计人物 ***酒店餐饮空间设计奖2017年度40UNDER 40中国（浙江）设计杰出青年2018年第二届中国空间应用设计大赛 红鼎奖2018年宁波新锐设计总评 茶花奖2018年宁波年度设计人物 杰出别墅空间设计奖2019年M+中国高端室内设计大厦 匠心设计大奖2019年度优秀空间设计 金尺奖2019年赞颂·创造力 亚太室内设计精英邀请赛 荣誉奖2019年度优秀空间设计 她设计奖,4000,7000,5500.0,宁波-鄞州区,无需经验,本科
软装设计师（双休）,"周末双休,五险,员工旅游,专业培训,节日福利,弹性工作","室内设计,平面设计师","1、独立完成前期概念设计，组织制作、收集、挑选、整理所需设计资料；,2、保证与硬装设计师在项目过程中的密切配合，帮助业主控制项目预算，负责跟踪整个设计项目直到完工验收；,3、熟悉供应商资源，材料价格，建立并完善软装资料库；,4、负责监督汇报文件，找寻概念化图片，制作家具、灯具、地毯、饰品清单。,任职要求：,1、室内设计、平面设计、环艺美术等相关专业本科毕业，条件优异者可适当放宽；,2、3-6年以上软装设计工作经验，有较强的调控和督导能力，熟悉软装设计与施工的相关专业规范；,3、对软装材料、软装预算以及团队工作效率具备把控能力；,4、能独立完成专业的软装设计方案，对艺术风格和色彩有专业的见解；,5、有独立完成酒店、样板房、高端家装等项目的软装设计经验；,6、熟练使用 CAD、SU、PS、3DMAX、PPT 等相关设计软件，能及时了解软装产品的更新。,福利待遇：,1、每周双休，缴纳社保五险；,2、法定节假日礼品；,3、年度活动（生日Party、设计旅行、公益活动）；,4、年度学习（上海设计展，展厅考察，家具参展，画展参展，建筑考察，家具分享会，材料分享会等等）；",宁波汉格装饰工程有限公司,民营公司,少于50人,"家居/室内设计/装潢,建筑/建材/工程",汉格设计成立于2008年，是一家专著提供高素质室内设计服务的纯设计机构。汉格团队由一群富有活力、创意和广阔视野的设计人组成，以构想客户共鸣为创作意念，为工装、家装和软装设计需求客户提供具有独特气质及创意的空间设计方案和设计服务，协助客户实现空间和产品的价值，达到客户与公司双赢为目的。致力成为宁波最具时尚文化的空间设计机构。专业荣誉：2014年中国百强青年设计师2014年金堂奖年度十佳购物空间设计2014年度设计优势力十大精英设计团队2014年宁波年度创意人物2014年文化部百强青年设计师2014年第十二届现代装饰国际传媒奖2015年金堂奖年度优秀别墅设计2015年国际***生态设计奖2015年大师营优秀设计师2017年度50IDEA宁波年度设计人物 ***酒店餐饮空间设计奖2017年度40UNDER 40中国（浙江）设计杰出青年2018年第二届中国空间应用设计大赛 红鼎奖2018年宁波新锐设计总评 茶花奖2018年宁波年度设计人物 杰出别墅空间设计奖2019年M+中国高端室内设计大厦 匠心设计大奖2019年度优秀空间设计 金尺奖2019年赞颂·创造力 亚太室内设计精英邀请赛 荣誉奖2019年度优秀空间设计 她设计奖,8333,12500,10416.5,宁波-鄞州区,3-4年经验,本科
效果图设计师（双休）,"周末双休,五险,员工旅游,专业培训,节日福利,弹性工作","室内设计,建筑制图/模型/渲染","1、根据具体项目要求，独立完成项目的效果图设计绘制；,2、能独立完成大中型室内效果图从建模到后期整个过程；,3、具有良好的空间概念，对室内空间结构、照明、色彩及材质、施工工艺有一定理解，具备软装产品搭配能力；,4、具备良好的材质灯光处理及后期能力，画面效果优异；,任职要求：,1、室内设计或相关专业背景，本科以上学历，3-5年以上设计经验，工装公司出图经验优先；,2、熟练操作CAD、Vray、PS等设计软件，精通3DMAX、图片渲染、动态视频制作；,3、熟悉施工图纸图规范，施工工艺，材料及流程，建筑设计相关规范；,4、细心严谨，有良好的职业素质，团队精神及沟通协调能力，能承受一定的工作压力。,福利待遇：,1、底薪4000+效果图600元/张,2、每周双休，缴纳社保五险；,3、法定节假日礼品；,4、年度活动（生日Party、设计旅行、公益活动）；,5、年度学习（上海设计展，展厅考察，家具参展，画展参展，建筑考察，家具分享会，材料分享会等等）；",宁波汉格装饰工程有限公司,民营公司,少于50人,"家居/室内设计/装潢,建筑/建材/工程",汉格设计成立于2008年，是一家专著提供高素质室内设计服务的纯设计机构。汉格团队由一群富有活力、创意和广阔视野的设计人组成，以构想客户共鸣为创作意念，为工装、家装和软装设计需求客户提供具有独特气质及创意的空间设计方案和设计服务，协助客户实现空间和产品的价值，达到客户与公司双赢为目的。致力成为宁波最具时尚文化的空间设计机构。专业荣誉：2014年中国百强青年设计师2014年金堂奖年度十佳购物空间设计2014年度设计优势力十大精英设计团队2014年宁波年度创意人物2014年文化部百强青年设计师2014年第十二届现代装饰国际传媒奖2015年金堂奖年度优秀别墅设计2015年国际***生态设计奖2015年大师营优秀设计师2017年度50IDEA宁波年度设计人物 ***酒店餐饮空间设计奖2017年度40UNDER 40中国（浙江）设计杰出青年2018年第二届中国空间应用设计大赛 红鼎奖2018年宁波新锐设计总评 茶花奖2018年宁波年度设计人物 杰出别墅空间设计奖2019年M+中国高端室内设计大厦 匠心设计大奖2019年度优秀空间设计 金尺奖2019年赞颂·创造力 亚太室内设计精英邀请赛 荣誉奖2019年度优秀空间设计 她设计奖,8333,12500,10416.5,宁波-鄞州区,3-4年经验,本科
室内设计师（双休）,"周末双休,五险,员工旅游,专业培训,节日福利,弹性工作","室内设计,建筑制图/模型/渲染","1、配合设计总监在一定的时间内深化完成施工图的绘制；,2、参与项目施工现场的配合与交涉；,3、协助配合设计总监在各项材料以及项目进度上跟进；,4、独立绘制全套施工图纸。,任职要求：,1、本科以上学历，室内设计相关行业3-5年以上工作经验；,2、具有一定深化施工图纸能力，对结构技术处理熟悉，对各种装饰材料的特性有一定认识；,3、熟练使用 CAD、SU、PS、AI、3DMAX 等相关设计软件，熟悉平、立、剖、节点、大样的绘制；,4、性格开朗，吃苦耐劳，具有较强的沟通、协调能力，团队协作意识强；,5、熟练操作office、Auto CAD、PS等。,福利待遇：,1,2、法定节假日礼品；,3、年度活动（生日Party、设计旅行、公益活动）；,4、年度学习（上海设计展，展厅考察，家具参展，画展参展，建筑考察，家具分享会，材料分享会等等）；",宁波汉格装饰工程有限公司,民营公司,少于50人,"家居/室内设计/装潢,建筑/建材/工程",汉格设计成立于2008年，是一家专著提供高素质室内设计服务的纯设计机构。汉格团队由一群富有活力、创意和广阔视野的设计人组成，以构想客户共鸣为创作意念，为工装、家装和软装设计需求客户提供具有独特气质及创意的空间设计方案和设计服务，协助客户实现空间和产品的价值，达到客户与公司双赢为目的。致力成为宁波最具时尚文化的空间设计机构。专业荣誉：2014年中国百强青年设计师2014年金堂奖年度十佳购物空间设计2014年度设计优势力十大精英设计团队2014年宁波年度创意人物2014年文化部百强青年设计师2014年第十二届现代装饰国际传媒奖2015年金堂奖年度优秀别墅设计2015年国际***生态设计奖2015年大师营优秀设计师2017年度50IDEA宁波年度设计人物 ***酒店餐饮空间设计奖2017年度40UNDER 40中国（浙江）设计杰出青年2018年第二届中国空间应用设计大赛 红鼎奖2018年宁波新锐设计总评 茶花奖2018年宁波年度设计人物 杰出别墅空间设计奖2019年M+中国高端室内设计大厦 匠心设计大奖2019年度优秀空间设计 金尺奖2019年赞颂·创造力 亚太室内设计精英邀请赛 荣誉奖2019年度优秀空间设计 她设计奖,8333,12500,10416.5,宁波-鄞州区,3-4年经验,本科
资深设计师（双休）,"周末双休,五险,员工旅游,专业培训,节日福利,弹性工作","室内设计,建筑制图/模型/渲染","1、带领项目组方案设计、图纸制作、协调以及实施落地任务；,2、负责项目各阶段、各分项设计进度、图纸质量管理工作；,3、具有较突出的方案构思和表现能力，并指导设计师完成项目方案设计；,任职要求：,1、室内设计或相关专业背景，本科以上学历，6-8年以上设计经验；,2、熟练使用 CAD、SU、PS、AI、3DMAX 等相关设计软件；,3、熟悉制图标准、设计规范要求及各专业技术配合，熟悉施工图流程，有解决现场问题的能力；,4、热爱设计工作，责任心强，具有较高的团队协作精神。,我们需要您能很好的配合完成方案主设在工作进程中的一切周边事物，并且致力于实现设计出品完整落地。,我們不吝于向每一位志力于在设计事业上发展的同仁传达宝贵的工作经验，并给予广阔的发展空间 ，,所以在这份工作中我们请您务必需要具备优秀的方案理解能力、严谨细致的工作态度以及良好的工作协调能力。,福利待遇：,1、每周双休，缴纳社保五险；,2、法定节假日礼品；,3、年度活动（生日Party、设计旅行、公益活动）；,4、年度学习（上海设计展，展厅考察，家具参展，画展参展，建筑考察，家具分享会，材料分享会等等）；",宁波汉格装饰工程有限公司,民营公司,少于50人,"家居/室内设计/装潢,建筑/建材/工程",汉格设计成立于2008年，是一家专著提供高素质室内设计服务的纯设计机构。汉格团队由一群富有活力、创意和广阔视野的设计人组成，以构想客户共鸣为创作意念，为工装、家装和软装设计需求客户提供具有独特气质及创意的空间设计方案和设计服务，协助客户实现空间和产品的价值，达到客户与公司双赢为目的。致力成为宁波最具时尚文化的空间设计机构。专业荣誉：2014年中国百强青年设计师2014年金堂奖年度十佳购物空间设计2014年度设计优势力十大精英设计团队2014年宁波年度创意人物2014年文化部百强青年设计师2014年第十二届现代装饰国际传媒奖2015年金堂奖年度优秀别墅设计2015年国际***生态设计奖2015年大师营优秀设计师2017年度50IDEA宁波年度设计人物 ***酒店餐饮空间设计奖2017年度40UNDER 40中国（浙江）设计杰出青年2018年第二届中国空间应用设计大赛 红鼎奖2018年宁波新锐设计总评 茶花奖2018年宁波年度设计人物 杰出别墅空间设计奖2019年M+中国高端室内设计大厦 匠心设计大奖2019年度优秀空间设计 金尺奖2019年赞颂·创造力 亚太室内设计精英邀请赛 荣誉奖2019年度优秀空间设计 她设计奖,16667,25000,20833.5,宁波-鄞州区,5-7年经验,本科
美术老师/国画老师（双休/五险一金）,"五险一金,绩效奖金,专业培训,弹性工作",音乐/美术教师,"岗位职责：,1．小班制教学，负责儿童、青少年及成人国画教学工作；,2．完成试听课、公益课、国画展览等课程及活动的开展和后续跟进 ；,3．定期参加教研会议，不断提升教学质量，保证教学效果；,4．熟悉儿童、青少年、成人不同阶段的教学方法与技巧，营造良好的课堂氛围；,5．与学员及家长保持良好的沟通交流关系，提高满意度。,任职要求：,1．学历要求：本科及以上学历，有丰富教学经验者，可适当放宽；,2．专业要求：书法学、美术学、教育学、艺术类等相关专业；,3．能够针对不同年龄段学员进行教案编写、课程设计；,4．条理清晰，语言表达能力强，有一定控班能力和感染力，能够调动学员的积极性；,5．热爱中国传统文化，热爱教育事业。,我们提供：,1．课时费+提成+奖金，收入可持续上涨，丰厚的年终奖金；,2．入职缴纳五险一金，带薪年假；,3．完善的培训体系，独立舒适的教学/创作空间；,4．古色古香的办公环境，与名家接触，与名品为伴，提升自我修养；,5．平台有学科教研组，注重老师综合能力的再提升，公开透明的职业发展空间；,6．丰富多彩的团队生活、员工关爱活动。,工作时间：,做五休二（周一至周四休两日，周五周六周日为工作日）；,两种班制：,早班 09：00 - 18：00,晚班 13：00 - 21：00,上班地点（就近安排）：,1、广州市海珠区滨江东路185号金海湾首层01房（公交“中大北门”直行100米）；金海湾,2、广州市越秀区水荫路115号天溢大厦A区3楼（地铁6号线“沙河顶”直行800米）；天溢馆,3、广州市荔湾区荔湾路97号动感小西关康王楼2楼（公交“荔湾路”直行100米）；,4、广州市天河区天河北路470号3楼（苏宁旗舰店3楼）；,5、广州市海珠区江南西路111号中国南方石油大厦4楼（宝业路广百新一城斜对面）；,6、广州市番禺区同创誉城-同创里汇15商户；,7、佛山市禅城区祖庙站百花广场4楼。,在这里，有一群胡同人等待你的到来，祈愿共同用人文怀抱语文，让世界柔软；,在这里，你可以与中国传统国学来一次亲密接触，与最前沿的世界文化进行交流，重拾中国传统文化拾萃；我们期待你的加入！！希望你怀抱激情创业的心态，用一颗有爱的心，积极传播及传承国学文化！",秦汉胡同国学书院,民营公司,1000-5000人,教育/培训/院校,秦汉胡同国学于2002年开始创业，至今逾18个春秋。旨在将中华国学最基础的三个部分，即艺术丶诗文丶人文通识，藉＂听香读画，吃墨看茶＂的极致艺术空间，依托拥有全球化兼容并蓄的开放胸襟，具备传统文人扎实通识素养与学术能力的国学教师，向现代家庭，向全世界传播分享中华文化精粹，把中国心交给中国文字，让世界柔软。      秦汉胡同国学率先倡导国学教育为通识教育，并开创了艺术、诗文丶人文通识三位一体，即三画齐备、大者君子的国学教育学术与实践，成效华茂。艺朮模块包括书法、国画、围棋、茶艺、古筝二胡琵琶笛箫等为主的民乐和京剧昆曲等课程。诗文分为“蒙学“、“小学“和“经学”三个阶段。       蒙学阶段包括3.5岁起《三字经》、《千家诗》、《千字文》等蒙学经典在内的发蒙课程，使学生具备基本的学习能力和传统文化常识，童蒙养正；小学阶段包括“文字”、“声律”和“训诂”在内的基础文字训练课程，明声音、辨字义，掌握国学学习方法，为进一步学习国学经典与诗词创作打下扎实基础；经学阶段包括儒家经典、中华历史、诗文鉴赏与写作等课程，以诗教为途径，让学生通经明史，学习中国文化之精髓，成人成才。       人文通识模块，通过亲子人文通识教学，综合物证实物观摩、线下授课、在线图文、在线音视频、随机测试等方式，依托中华浩若烟海的文明物证，讲述中华色彩斑斓的长情故事，夯实中华上下五千年宝贵的家国情怀，与道德根基。秦汉胡同国学在做实国学教育的基础上，秦汉胡同在线、专卖丶中文丶好研社丶第伯乐等多个孵化项目亦健康发展。       目前，秦汉胡同国学已经在北京、上海、广州、深圳、杭州、南京、济南、娄底、临汾等地设立近70家国学馆，每年惠及数十万家庭。未来，秦汉胡同国学线下线上将不断融合，实现国学产品与服务的在线化、智能化、网络化，依托深度垂直的海量内容创造，向全社会开放国学教师培训，实现国学普惠。,6000,10000,8000.0,广州-天河区,NA,NA
国画老师,"五险一金,弹性工作,绩效奖金","音乐/美术教师,绘画","职位详情,★秦汉胡同国学书院是由上海长宁区教育局批准成立的非学历教育机构，深耕泛国艺、大国文领域18年，是目前全球最具影响力的国学文化教育公司之一，主要课程有书法、国画、国学、围棋、茶艺、古筝、古琴、二胡、琵琶、笛箫等。,★总部位于上海，目前深圳已开设13家校区，全面服务于深圳市民的文化需求。,★加入我们，您将获得丰富完善的在职培训、舒适典雅的工作环境及优厚有竞争力的薪酬福利，还有广阔的发展空间！,★工作职责：,1．小班制教学，负责儿童、青少年及成人国画教学工作；,2．完成试听课、公益课、国画展览等课程及活动的开展和后续跟进 ；,3．定期参加教研会议，不断提升教学质量，保证教学效果；,4．熟悉儿童、青少年、成人不同阶段的教学方法与技巧，营造良好的课堂氛围；,5．与学员及家长保持良好的沟通交流关系，提高满意度。,★任职要求：,1．学历要求：本科及以上学历，有丰富教学经验者，可适当放宽；,2．专业要求：国画学、美术学、教育学、艺术类等相关专业；,3．能够针对不同年龄段学员进行教案编写、课程设计；,4．条理清晰，语言表达能力强，有一定控班能力和感染力，能够调动学员的积极性；,5．热爱中国传统文化，热爱教育事业。,★薪资福利：,1．课时费+提成+奖金；综合薪资6-30K/月，收入可持续上涨；,2．完备的五险一金；,3．独立舒适的教学、创作空间；,4．优雅古典的环境，与名家接触，与名品为伴，提升自我修养；,5．平台有学科教研组，注重老师综合能力的再提升；,6．丰富多彩的团队生活、员工关爱活动。,★工作时间：,做五休二（周一至周四休两日，周五周六周日为工作日）；               ,在这里，有一群胡同人等待你的到来，祈愿共同用人文怀抱语文，让世界柔软；,在这里，你可以与中国传统国学来一次亲密接触，与最前沿的世界文化进行交流，重拾中国传统文化拾萃，我们期待你的加入！！！",秦汉胡同国学书院,民营公司,1000-5000人,教育/培训/院校,秦汉胡同国学于2002年开始创业，至今逾18个春秋。旨在将中华国学最基础的三个部分，即艺术丶诗文丶人文通识，藉＂听香读画，吃墨看茶＂的极致艺术空间，依托拥有全球化兼容并蓄的开放胸襟，具备传统文人扎实通识素养与学术能力的国学教师，向现代家庭，向全世界传播分享中华文化精粹，把中国心交给中国文字，让世界柔软。      秦汉胡同国学率先倡导国学教育为通识教育，并开创了艺术、诗文丶人文通识三位一体，即三画齐备、大者君子的国学教育学术与实践，成效华茂。艺朮模块包括书法、国画、围棋、茶艺、古筝二胡琵琶笛箫等为主的民乐和京剧昆曲等课程。诗文分为“蒙学“、“小学“和“经学”三个阶段。       蒙学阶段包括3.5岁起《三字经》、《千家诗》、《千字文》等蒙学经典在内的发蒙课程，使学生具备基本的学习能力和传统文化常识，童蒙养正；小学阶段包括“文字”、“声律”和“训诂”在内的基础文字训练课程，明声音、辨字义，掌握国学学习方法，为进一步学习国学经典与诗词创作打下扎实基础；经学阶段包括儒家经典、中华历史、诗文鉴赏与写作等课程，以诗教为途径，让学生通经明史，学习中国文化之精髓，成人成才。       人文通识模块，通过亲子人文通识教学，综合物证实物观摩、线下授课、在线图文、在线音视频、随机测试等方式，依托中华浩若烟海的文明物证，讲述中华色彩斑斓的长情故事，夯实中华上下五千年宝贵的家国情怀，与道德根基。秦汉胡同国学在做实国学教育的基础上，秦汉胡同在线、专卖丶中文丶好研社丶第伯乐等多个孵化项目亦健康发展。       目前，秦汉胡同国学已经在北京、上海、广州、深圳、杭州、南京、济南、娄底、临汾等地设立近70家国学馆，每年惠及数十万家庭。未来，秦汉胡同国学线下线上将不断融合，实现国学产品与服务的在线化、智能化、网络化，依托深度垂直的海量内容创造，向全社会开放国学教师培训，实现国学普惠。,8000,16000,12000.0,深圳-福田区,1年经验,本科
美术老师（禅城/五险一金双休）,"五险一金,弹性工作,绩效奖金,员工旅游,节日福利",音乐/美术教师,"岗位职责：,1．小班制教学，负责儿童、青少年及成人国画教学工作；,2．完成试听课、公益课、国画展览等课程及活动的开展和后续跟进 ；,3．定期参加教研会议，不断提升教学质量，保证教学效果；,4．熟悉儿童、青少年、成人不同阶段的教学方法与技巧，营造良好的课堂氛围；,5．与学员及家长保持良好的沟通交流关系，提高满意度。,任职要求：,1．学历要求：本科及以上学历，有丰富教学经验者，可适当放宽；,2．专业要求：国画学、美术学、教育学、艺术类等相关专业；,3．能够针对不同年龄段学员进行教案编写、课程设计；,4．条理清晰，语言表达能力强，有一定控班能力和感染力，能够调动学员的积极性；,5．热爱中国传统文化，热爱教育事业。,我们提供：,1．课时费+提成+奖金，收入可持续上涨，丰厚的年终奖金；,2．入职缴纳五险一金，带薪年假；,3．完善的培训体系，独立舒适的教学/创作空间；,4．古色古香的办公环境，与名家接触，与名品为伴，提升自我修养；,5．平台有学科教研组，注重老师综合能力的再提升，公开透明的职业发展空间；,6．丰富多彩的团队生活、员工关爱活动。,工作时间：,做五休二（周一至周四休两日，周五周六周日为工作日）；,两种班制：,早班 09：00 - 18：00,晚班 13：00 - 21：00,在这里，有一群胡同人等待你的到来，祈愿共同用人文怀抱语文，让世界柔软；,在这里，你可以与中国传统国学来一次亲密接触，与最前沿的世界文化进行交流，重拾中国传统文化拾萃；我们期待你的加入！！希望你怀抱激情创业的心态，用一颗有爱的心，积极传播及传承国学文化！",秦汉胡同国学书院,民营公司,1000-5000人,教育/培训/院校,秦汉胡同国学于2002年开始创业，至今逾18个春秋。旨在将中华国学最基础的三个部分，即艺术丶诗文丶人文通识，藉＂听香读画，吃墨看茶＂的极致艺术空间，依托拥有全球化兼容并蓄的开放胸襟，具备传统文人扎实通识素养与学术能力的国学教师，向现代家庭，向全世界传播分享中华文化精粹，把中国心交给中国文字，让世界柔软。      秦汉胡同国学率先倡导国学教育为通识教育，并开创了艺术、诗文丶人文通识三位一体，即三画齐备、大者君子的国学教育学术与实践，成效华茂。艺朮模块包括书法、国画、围棋、茶艺、古筝二胡琵琶笛箫等为主的民乐和京剧昆曲等课程。诗文分为“蒙学“、“小学“和“经学”三个阶段。       蒙学阶段包括3.5岁起《三字经》、《千家诗》、《千字文》等蒙学经典在内的发蒙课程，使学生具备基本的学习能力和传统文化常识，童蒙养正；小学阶段包括“文字”、“声律”和“训诂”在内的基础文字训练课程，明声音、辨字义，掌握国学学习方法，为进一步学习国学经典与诗词创作打下扎实基础；经学阶段包括儒家经典、中华历史、诗文鉴赏与写作等课程，以诗教为途径，让学生通经明史，学习中国文化之精髓，成人成才。       人文通识模块，通过亲子人文通识教学，综合物证实物观摩、线下授课、在线图文、在线音视频、随机测试等方式，依托中华浩若烟海的文明物证，讲述中华色彩斑斓的长情故事，夯实中华上下五千年宝贵的家国情怀，与道德根基。秦汉胡同国学在做实国学教育的基础上，秦汉胡同在线、专卖丶中文丶好研社丶第伯乐等多个孵化项目亦健康发展。       目前，秦汉胡同国学已经在北京、上海、广州、深圳、杭州、南京、济南、娄底、临汾等地设立近70家国学馆，每年惠及数十万家庭。未来，秦汉胡同国学线下线上将不断融合，实现国学产品与服务的在线化、智能化、网络化，依托深度垂直的海量内容创造，向全社会开放国学教师培训，实现国学普惠。,5000,8000,6500.0,佛山-禅城区,1年经验,本科
美术老师,"绩效奖金,全勤奖,节日福利,做五休二,周末双休,五险一金,交通补贴,通讯补贴,餐饮补贴,年终奖金",音乐/美术教师,"1．小班制教学，负责儿童、青少年及成人国画教学工作；,2．完成试听课、公益课、国画展览等课程及活动的开展和后续跟进 ；,3．定期参加教研会议，不断提升教学质量，保证教学效果；,4．熟悉儿童、青少年、成人不同阶段的教学方法与技巧，营造良好的课堂氛围；,5．与学员及家长保持良好的沟通交流关系，提高满意度。,1．学历要求：本科及以上学历，有丰富教学经验者，可适当放宽；,2．专业要求：国画学、美术学、教育学、艺术类等相关专业；,3．能够针对不同年龄段学员进行教案编写、课程设计；,4．条理清晰，语言表达能力强，有一定控班能力和感染力，能够调动学员的积极性；,5．热爱中国传统文化，热爱教育事业。,1．课时费+提成+奖金；前期平均薪资4-8K/月，收入可持续上涨；,2．完备的五险一金；带薪年假；,3．独立舒适的教学、创作空间；,4．优雅古典的环境，与名家接触，与名品为伴，提升自我修养；,5．平台有学科教研组，注重老师综合能力的再提升；,6．丰富多彩的团队生活、员工关爱活动。,做五休二（周一至周四休两日，周五周六周日为工作日）；,职能类别：音乐/美术教师绘画,关键字：国画美术老师",杭州爱嘚瑟文化创意有限公司,民营公司,少于50人,"互联网/电子商务,贸易/进出口",杭州爱嘚瑟文化创意有限公司成立于2016年，是一家从事艺术品线上线下整合的企业，取名爱嘚瑟取自“ideas”的谐音。注册商标爱德舍线上我们有自己的天猫官方旗舰店，线下我们有两个工厂，同时经营艺术培训。是一家全方位线上线下同时发展的公司。,6000,8000,7000.0,杭州-江干区,3-4年经验,本科
动作,"五险一金,员工旅游,餐饮补贴,定期体检,年终奖金",游戏动作设计师,"1.3D动作制作；,2.动画展现制作。,任职资格：,1. 大专及以上学历，美术类相关专业，1~3年动作，游戏设计等美术经验；,2.熟练掌握MAYA MAX软件；,3.具备良好的沟通能力和团队合作意识。,【福利待遇】",深圳市乐易网络股份有限公司,民营公司,150-500人,"网络游戏,互联网/电子商务",关于我们深圳市乐易网络股份有限公司，成立于2011年。我们是一家专注海外手机游戏自主研发和自主运营的企业，致力于打造世界精品手游。公司目前规模200~300人，创始人和高管皆来自腾讯，核心骨干来自腾讯、华为等科技公司。凭借着专注、极致的做事态度和对产品体验苛刻的要求，我们的游戏屡创佳绩，在苹果和谷歌商店的排行长期名列前茅。2016年3月，公司完成A轮战略融资，估值10亿元。2019年9月，公司获得Facebook和毕马威联合发布的“2019中国出海50强新秀品牌”荣誉。在这里，我们实行一对一导师制度，热心可爱的导师将会帮助每一位新人学习和成长。良好的团队和技术氛围更是吸引了许多来自各大互联网企业及海内外院校的人才。加入我们吧，乐易会为你提供一个广袤、自由的发展平台，让我们共同成长！愿景：成为一家持续进步的企业。使命：用理性的态度为世界创造简单的快乐。价值观：正直、自省、合作、进取我们的里程碑2011  公司成立2013  进军游戏行业2014  游戏年营收突破千万2016  公司完成了A轮融资，市场估值10亿元2018  Blaze of Battle：单款游戏年收入过亿2019  9月，我们获得了Facebook和毕马威联合发布的“中国出海50强新秀品牌”荣誉公司产品Blaze of Battle一款超经典的SLG游戏！在这里，你可以建立宏伟的城市，组建强大军队，召唤巨龙与骑士和您一起征服战争之光的战场。加入联盟，与来自世界各地的数百万玩家并肩作战，体验战争的刺激！West Game一款人气爆棚的西部主题SLG游戏。发行之初便屡次闯入北美iOS畅销前一百。在狂野又刺激的西部世界中，你可以建立自己的小镇、创建你的帮派，和来自世界各地的玩家们战斗。Top Gang一款主打黑手党题材的卡牌游戏。这是一个混沌和堕落的世界，衰落的秩序和廉价的道义，在地下世界中你将如何抉择——夹缝求生？又或是成为规则的主人？快来加入黑手党的世界，招募英雄，升级技能，一起战斗吧！福利待遇1. 关注你的职业发展提供有竞争力的薪资，每年稳定涨薪，***可达10个月的年终奖、额外经营奖，更有导师制度和任职资格体系，帮助你应对职业发展未来的挑战。2.为你提供全方位保障为你提供六险一金和深圳户籍，超长的带薪假期，新婚添丁津贴和各类慰问金，每年定期体检，成为你工作打拼的有力保障。3.和你一起享受生活零食水果下午茶、入职生日节日礼包，各种生日会、团建、社团、周年庆活动，一年两次海内外旅游，工作之余，我们更想和你享受生活。,8000,10000,9000.0,深圳-南山区,1年经验,大专
3D动作,"一年两次旅游,五险一金,补充医疗保险,餐饮补贴,年终奖金,定期体检,绩效奖金,员工旅游,出国机会,弹性工作",动画/3D设计,"★★★非常重要：简历投递需附带作品★★★,岗位职责：,1、3D动作制作；,2、动画展现制作。,★★★非常重要：简历投递需附带作品★★★,任职要求：,1、 大专及以上学历，美术类相关专业，3年以上动作，游戏设计等美术经验；,2、 工作能力独当一面，有专业全面的执行能力；,3、熟练掌握MAYA MAX软件；,4、具备良好的沟通能力和团队合作意识。,★★★非常重要：简历投递需附带作品★★★,【福利待遇】",深圳市乐易网络股份有限公司,民营公司,150-500人,"网络游戏,互联网/电子商务",关于我们深圳市乐易网络股份有限公司，成立于2011年。我们是一家专注海外手机游戏自主研发和自主运营的企业，致力于打造世界精品手游。公司目前规模200~300人，创始人和高管皆来自腾讯，核心骨干来自腾讯、华为等科技公司。凭借着专注、极致的做事态度和对产品体验苛刻的要求，我们的游戏屡创佳绩，在苹果和谷歌商店的排行长期名列前茅。2016年3月，公司完成A轮战略融资，估值10亿元。2019年9月，公司获得Facebook和毕马威联合发布的“2019中国出海50强新秀品牌”荣誉。在这里，我们实行一对一导师制度，热心可爱的导师将会帮助每一位新人学习和成长。良好的团队和技术氛围更是吸引了许多来自各大互联网企业及海内外院校的人才。加入我们吧，乐易会为你提供一个广袤、自由的发展平台，让我们共同成长！愿景：成为一家持续进步的企业。使命：用理性的态度为世界创造简单的快乐。价值观：正直、自省、合作、进取我们的里程碑2011  公司成立2013  进军游戏行业2014  游戏年营收突破千万2016  公司完成了A轮融资，市场估值10亿元2018  Blaze of Battle：单款游戏年收入过亿2019  9月，我们获得了Facebook和毕马威联合发布的“中国出海50强新秀品牌”荣誉公司产品Blaze of Battle一款超经典的SLG游戏！在这里，你可以建立宏伟的城市，组建强大军队，召唤巨龙与骑士和您一起征服战争之光的战场。加入联盟，与来自世界各地的数百万玩家并肩作战，体验战争的刺激！West Game一款人气爆棚的西部主题SLG游戏。发行之初便屡次闯入北美iOS畅销前一百。在狂野又刺激的西部世界中，你可以建立自己的小镇、创建你的帮派，和来自世界各地的玩家们战斗。Top Gang一款主打黑手党题材的卡牌游戏。这是一个混沌和堕落的世界，衰落的秩序和廉价的道义，在地下世界中你将如何抉择——夹缝求生？又或是成为规则的主人？快来加入黑手党的世界，招募英雄，升级技能，一起战斗吧！福利待遇1. 关注你的职业发展提供有竞争力的薪资，每年稳定涨薪，***可达10个月的年终奖、额外经营奖，更有导师制度和任职资格体系，帮助你应对职业发展未来的挑战。2.为你提供全方位保障为你提供六险一金和深圳户籍，超长的带薪假期，新婚添丁津贴和各类慰问金，每年定期体检，成为你工作打拼的有力保障。3.和你一起享受生活零食水果下午茶、入职生日节日礼包，各种生日会、团建、社团、周年庆活动，一年两次海内外旅游，工作之余，我们更想和你享受生活。,10000,12000,11000.0,深圳-南山区,3-4年经验,大专
美术教师,"绩效奖金,全勤奖,节日福利,做五休二,周末双休,五险一金,交通补贴,通讯补贴,餐饮补贴,年终奖金",音乐/美术教师,"1．小班制教学，负责儿童、青少年及成人国画教学工作；,2．完成试听课、公益课、国画展览等课程及活动的开展和后续跟进 ；,3．定期参加教研会议，不断提升教学质量，保证教学效果；,4．熟悉儿童、青少年、成人不同阶段的教学方法与技巧，营造良好的课堂氛围；,5．与学员及家长保持良好的沟通交流关系，提高满意度。,1．学历要求：本科及以上学历，有丰富教学经验者，可适当放宽；,2．专业要求：国画学、美术学、教育学、艺术类等相关专业；,3．能够针对不同年龄段学员进行教案编写、课程设计；,4．条理清晰，语言表达能力强，有一定控班能力和感染力，能够调动学员的积极性；,5．热爱中国传统文化，热爱教育事业。,1．课时费+提成+奖金；前期平均薪资4-8K/月，收入可持续上涨；,2．完备的五险一金；带薪年假；,3．独立舒适的教学、创作空间；,4．优雅古典的环境，与名家接触，与名品为伴，提升自我修养；,5．平台有学科教研组，注重老师综合能力的再提升；,6．丰富多彩的团队生活、员工关爱活动。,做五休二（周一至周四休两日，周五周六周日为工作日）；,职能类别：音乐/美术教师绘画,关键字：国画美术老师",杭州爱嘚瑟文化创意有限公司,民营公司,少于50人,"互联网/电子商务,贸易/进出口",杭州爱嘚瑟文化创意有限公司成立于2016年，是一家从事艺术品线上线下整合的企业，取名爱嘚瑟取自“ideas”的谐音。注册商标爱德舍线上我们有自己的天猫官方旗舰店，线下我们有两个工厂，同时经营艺术培训。是一家全方位线上线下同时发展的公司。,8000,10000,9000.0,杭州-江干区,3-4年经验,本科
动画设计工程师,"交通补贴,绩效奖金,餐饮补贴,年终奖金,定期体检,五险一金,专业培训,带薪年假","Flash设计师,仿真应用工程师","岗位职责：,1、能完独立完成短片的制作；,2、熟悉2D、3D产品动画展示、产品演示片制作工作；,3、具备良好的色彩感觉，有较强的特效制作,任职要求：,1、本科及以上学历；,2、2年以上3D动画片、宣传片、产品演示片的包装特效工作；,3、能独立完成从模型、材质贴图、动画、渲染等一些列工作；,4、熟练地使用角色，动力学，特效，刚体流体等三维技术；,5、精通3DMAX以及灯光插件熟练运用PS、AE、、Maya、C4D等软件；,6、能够按照要求独立完成制作，有工作经验者优先，应聘时请带相关作品；,7、善于沟通，有团队合作精神，为人真诚踏实不浮躁，能够承受一定的工作压力。",河南驼人医疗器械集团有限公司,民营公司,5000-10000人,医疗设备/器械,驼人集团始创于1993年，集医疗器械研发、生产、销售、服务、文化为一体，拥有综合、 护理、健康防护、围术期重症、集成五大产品线。集团拥有55家分子公司，在全国31个省份设有销售子公司。集团现有5个生产基地，一个研究院，现有员工7000余人，研发人员包括博士、硕士研究生、外籍专家等1000余人。集团主导产品麻醉包占全国市场48%，中心静脉导管、气管插管、呼吸回路全国市场销量***，产品畅销60多个国家和地区。    集团先后承担和参与了9项国家科技重大专项及支撑计划项目，参与8项国家行业标准起草，荣获国家认定企业技术中心、全国工业标杆企业、国家高新技术企业、河南省高分子材料技术与应用重点实验室、河南省首批创新龙头企业、河南省制造业创新中心、河南省博士后研发基地、院士工作站等国家和省级荣誉60余项。依靠集团的雄厚基础，总部从2012年开始参与国家医疗援外项目，并荣登央视大国外交报道。为了进一步扩展世界影响力和市场占有率，先后成立了印度子公司和肯尼亚子公司，进一步走出国门。    在今年疫情期间协助国际医疗组织积极抗疫。陆续向法国，意大利，巴基斯坦，西班牙，伊朗等国家捐赠数千万的外科口罩，防护服，隔离衣，以及公司专利产品医用防护口罩和防护头罩，与全球人民携手抗疫。    基于产业的全产业链、生态链的需要，驼人集团投资160亿元，建筑规划面积4.6平方公里，融产业、住宅、商业、商务、酒店、公寓休闲与一体的医疗器械产业新城，其中驼人新城学校旨在打造15年一贯制国际教学体系，拟办学规模达到156个班级，7000名在校学生。成为“吃住行 游娱乐 商学居”的都市生活新地标。,4000,8000,6000.0,河南省,2年经验,本科
游戏剧情策划,"五险一金,补充医疗保险,餐饮补贴,专业培训,出国机会,年终奖金,交通补贴",游戏文案策划/剧情策划,"1、构建游戏世界观与剧情框架；,2、与关卡策划协作，设计冒险地图涉及的地图元素（景致、建筑、角色、怪物、事件，等）和场景风貌；,3、负责任务、角色、道具、活动，等相关的剧情文本、对白（包括语音部分）、说明，等文案撰写；,4、负责剧情动画展现部分脚本、分镜设定；,5、使用游戏引擎制作过场动画；,6、其它系统的辅助功能支持。,任职要求：,1、对世界文明、历史、地理、文化、传说，人物了解或十分感兴趣；,2、扎实的文字表达能力，想象力丰富；,3、良好的沟通和审美能力，认真专注，致力于做出优秀的作品；,4、丰富的MMORPG游戏经验,5、3年以上相关工作经验；能够使用编辑器构建白模关卡者优先,6、热爱游戏",乐游科技,民营公司,150-500人,网络游戏,卓越工坊为香港乐游科技控股有限公司（以下简称“乐游”） 旗下北京分公司，负责集团所有游戏研发和发行业务。    乐游是一家年轻、充满活力而迅速崛起的的游戏开发商和发行商，致力于AAA级PC和Console免费网游的研发和全球发行，同时也是全球多人在线免费游戏这一细分市场的领导者。总部位于香港，在世界各地拥有多个世界***的AAA游戏开发工作室和分支机构，其中包括Digital Extremes和Splash Damage等***工作室，全职员工共计1000余人。    乐游及其旗下工作室曾独立或联合开发包括战争机器、德军总部、毁灭战士、虚幻、生化奇兵等一系列著名的PC、家用游戏机端的AAA游戏大作。在多人在线免费游戏领域，我们有Warframe和Dirty Bomb等备受好评的作品，其中Warframe上线以来，长期在Steam游戏平台上保持着的所有类别游戏时间前十的排名，在免费游戏类别中排名第三，仅次于Dota 2和Team Fortress 2。同时集团不断在新的多人在线免费游戏的开发上进行投入，保持着强劲的开发进度，包括The Amazing Eternals、变形金刚、文明OL和其他一些尚未公布的新项目。,15000,25000,20000.0,北京-朝阳区,3-4年经验,本科
美术老师,,"音乐/美术教师,幼教","1、负责教授3-12岁儿童美术课程，培养儿童对美术的兴趣和创造力；,2、独立完成备课，制定美术教学大纲和上课所需课件，不断优化创新；,3、积极参加本学科的教研活动及教学培训；,4、负责本学科相关工作，如比赛、考级、画展、写生等；,5、按照教学大纲或学校课程要求完成教学目标，不断提高教学质量；,6、积极维护与学员和家长的关系，有稳定的续班率。,1、大专及以上学历，美术、设计、幼教等相关专业毕业生；,2、有美术教育工作经验，具备权威协会或机构美术相关证书者优先；,3、普通话标准，良好的沟通能力，有亲和力；,4、具有良好的学生服务意识和团队合作精神；,5、喜欢少儿教育，形象气质佳；,6、工作细致认真，责任心强，热情、积极、主动，工作效率高。",上海梦之园文化传播有限公司,民营公司,少于50人,教育/培训/院校,梦之园教育，是一家致力于中学文化、艺术教育培训的多元化教育培训公司，课程涵盖中学课外辅导以及青少年美术教育等多方面内容。    公司秉承“学贵精不贵多”、“授人以鱼，不如授之以渔”的教育理念，以独特、专业的教学思维帮助学生掌握科学、高效的学习方法，并养成良好的学习习惯，让其能够触类旁通、举一反三，在摆脱繁冗的学习压力的同时，达到事半功倍的学习效果。    梦之园教育，为你的梦想插上腾飞的翅膀，让你在未来的天空自由的翱翔。    公司目前正处于朝气蓬勃的高速发展期，现以高底薪、高提成，诚聘各路英才，同公司一起奋斗、一起发展、一起实现远大的梦想。,5000,12000,8500.0,上海-杨浦区,在校生/应届生,大专
数据可视化工程师（双休）,"五险一金,绩效奖金,专业培训,季度分红,做五休二,周末双休,全勤奖,节日福利",Web前端开发,"受疫情影响，特殊时期招聘，所有岗位均采取视频面试的方式，面试合格后，在线办公！！！,# 岗位职责,1. 依照需求，探索数据，拟定数据可视化方案；,2. 制作前端网页，展示可视化方案；,3. 制作前端网页，提供可交互的数据探索界面；,3. 优化前端网页动画展示，包括图形、颜色、时间轴、性能等；,4. 按照需求，完成建模，预测数据未来趋势；,# 任职要求,1. 专业不限，计算机专业优先考虑；,2. 了解HTML，CSS，Javascript基础内容；,3. 了解Echarts；,4. 具有d3.js, three.js经验及网页动画经验的优先考虑；,3. 本科及以上学历，硕士优先考虑，***有项目经验；,7. 对网页数据可视化，动画交互展示具有热情；,8. 有较强的团队精神和协作意识；,福利待遇：,1、薪资+各种奖金+季度分红+福利津贴，综合薪资7000+，具体***；,2、公司提供各种带薪培训，帮助完善自身技能且实行技能薪资制，能力决定薪资；,3、公司提供创业基金，合伙人并不是梦想；,4、五天工作制、周末双休、国家法定节假日都放，并提供婚假、产假、五险等福利；,5、管理模式人性化，工作氛围轻松，同事关系和谐融洽；,6、公司上班地点在地铁口旁，上班便捷；,7、公司不定期组织团建、出游，平时会提供水果、零食、咖啡……；,· 凡是以本公司的名义收取任何费用的都是骗子，请各位求职者不要上当！！",西安极亿智数科技信息咨询有限公司,民营公司,50-150人,"教育/培训/院校,互联网/电子商务",互联网科技领域内的技术开发、技术推广、技术转让、技术咨询、技术服务；计算机系统集成；基础软件服务；应用软件服务；软件的技术开发、技术咨询；产品设计；模型设计；包装设计；教育信息咨询（不含培训、演出）；经济信息咨询；文化咨询；体育咨询；公共关系服务；会议服务；工艺美术设计；电脑动画设计；企业营销策划；广告的设计、制作、代理、发布；市场调查；企业管理咨询；文艺创作；展览展示服务；影视策划；翻译服务；数据处理。（依法须经批准的项目，经相关部门批准后方可开展经营活动） 由于企业正值飞速上升的阶段，现面向社会招聘志同道合的优秀人才，我司可以提供完善的晋升机制，极具行业竞争力的薪酬，完善的福利机制，只为等待优秀的你来加入我们！！！,6000,8000,7000.0,西安-碑林区,1年经验,本科
美术老师（南城西平）,"五险一金,专业培训,绩效奖金,员工旅游","音乐/美术教师,绘画","工作内容：,1、根据总部课程主题及要求进行备课、练课、上课，保障教学质量。,2、及时与学员家长沟通孩子的学习情况。,3、配合中心完成学员画展等活动。,任职资格：,1、大学本科或以上学历，美术相关专业（美术教育专业尤佳），有一年以上工作经验，资质佳的应届毕业生亦可。,2、性格开朗活泼，热爱教育事业，喜欢孩子。,3、心态积极，好学上进，能承受培训学习的压力。,工作地点：南城西平国际公馆Beta art（番茄苗美术）",东莞泛德文化艺术培训有限公司,民营公司,50-150人,教育/培训/院校,东莞泛德文化艺术培训有限公司，在东莞地区运营的的连锁品牌有：金宝贝国际早教中心、Beta Art美学空间、FIND智慧钢琴学院。其中Beta Art美学空间有四家直营店，分别位于东城南路、南城西平、南城第一国际以及厚街镇。公司拥有一批年轻化的教师队伍，采用人性化的管理模式。,4500,8000,6250.0,东莞-南城区,1年经验,本科
三维动画师,,动画/3D设计,"岗位职责,1根据项目要求可以独立完成三维动画设计，包含人物、车辆、单体部件等动画展示；,2参与三维场景、模型的设计与制作；,3有效的处理建筑、地形、绿化、小品等场景效果。,任职资格,1、大专及以上学历，美术类、设计类相关专业，有1年以上相关工作经验；,2、熟练使用3DMAX、Photoshop等软件工具；有车辆动画制作经验者优先；,3、具有一定的美术功底，优秀的色彩感觉，较强的三维空间想象力和创造力；,4、熟练掌握材质、灯光的运用，对3D场景建模和贴图、动画、特效均有一定的认识；,5、有责任心，沟通协调能力强，具有较强的团队合作精神。",上海比昂健康生活企业发展有限公司,外资（非欧美）,50-150人,"快速消费品(食品、饮料、化妆品),机械/设备/重工",上海比昂集团是较早进入中国的一家中外合资企业，1993年成立于上海，旗下有：上海比昂建筑装潢工程有限公司、上海比昂健康生活企业发展有限公司、上海比昂福利事业投资有限公司、上海比昂国际旅行社有限公司等等，主要经营：快速消费品、机械制造、室内设计与装潢、养老产业、旅游行业。是一家与国际接轨、经营多元化的资深企业。欢迎各位有志者加入。,10000,15000,12500.0,上海,3-4年经验,大专
培训讲师,"做五休二,弹性工作,五险一金,绩效奖金,全勤奖,节日福利,专业培训,餐饮补贴","音乐/美术教师,培训讲师",任职资格：,江苏泰丰文化传播股份有限公司,民营公司,150-500人,影视/媒体/艺术/文化传播,"TYFON江苏泰丰文化传播股份有限公司（TYFON Culture Communication Co.,Ltd），营运范围以江浙沪为核心辐射涵盖全国，旗下设有艺术经纪公司、艺术电商、书画院、拍卖公司等，年平均举办近千场艺术及文创展览，是国内文化艺术板块重要的新兴企业，科学化专业运营文化艺术市场，为中华文化市场带来重大进程。TYFON泰丰文化致力于弘扬中华传统文化艺术、促进文化艺术产业的繁荣为宗旨，多元化赋能发展战略，致力打造成中华美学生态圈，积极多方合作国家单位推动行业标准化建设，艺术经纪人证照制度，建设艺术家培育体系，研发艺术科技技术升级流通溯源体系，构建核心产业平台，通过平台打通全产业价值链，连接行业内优秀企业，扶持中青年实力派潜力艺术家，参与政府艺术文创项目，共同发展实现客户、信息、渠道等资源共享，实现开放合作、持续发展的赋能型产业共同体。发展历程：2013.03 江苏泰丰文化传播股份有限公司成立2013.08宜兴鼎丰艺术交流有限公司成立2014.02 苏州禾丰艺术传播有限公司成立2015.01 江苏泰丰文化传播股份有限公司常州分公司成立2016.02 江苏泰丰文化传播股份有限公司入驻张家港保税区。2016.02 常州常丰文化传播有限公司成立。2017.02 江苏泰丰文化传播股份有限公司吴江分公司成立。2017.07 江苏泰丰文化传播股份有限公司Art key艺术鉴证实验室成立。2018.01 江苏泰丰文化传播股份有限公司YiYi house艺邑艺术商店成立。2018.12 江苏泰丰文化传播股份有限公司宣布集团总部落地苏州市相城区。2019.07昆山淳丰文化传播有限公司成立。荣誉资质：江苏省服务业名牌企业江苏省文明诚信优质服务示范企业全国用户满意服务明星企业江苏省三星级上云企业苏州市人工智能和大数据应用示范企业2019年行业优秀企业奖全国重合同守信誉AAA级别企业江苏省优秀企业苏州市总部企业",5000,8000,6500.0,苏州-相城区,1年经验,大专
美术老师,"五险一金,专业培训,绩效奖金,员工旅游",音乐/美术教师,"工作内容：,1、根据总部课程主题及要求进行备课、练课、上课，保障教学质量。,2、及时与学员家长沟通孩子的学习情况。,3、配合中心完成学员画展等活动。,任职资格：,1、大学本科或以上学历，美术相关专业（美术教育专业尤佳），有一年以上工作经验，资质佳的应届毕业生亦可。,2、性格开朗活泼，热爱教育事业，喜欢孩子。,3、心态积极，好学上进，能承受培训学习的压力。,上班时间：9：00-18:00，双休,工作地点：东莞东城新世界广场1楼",东莞泛德文化艺术培训有限公司,民营公司,50-150人,教育/培训/院校,东莞泛德文化艺术培训有限公司，在东莞地区运营的的连锁品牌有：金宝贝国际早教中心、Beta Art美学空间、FIND智慧钢琴学院。其中Beta Art美学空间有四家直营店，分别位于东城南路、南城西平、南城第一国际以及厚街镇。公司拥有一批年轻化的教师队伍，采用人性化的管理模式。,4000,8000,6000.0,东莞-南城区,在校生/应届生,本科
国画老师/美术老师/写意,"五险一金,弹性工作,绩效奖金,专业培训,带薪年假","音乐/美术教师,绘画","1．小班制教学，负责儿童、青少年及成人国画教学工作；,2．完成试听课、公益课、国画展览等课程及活动的开展和后续跟进 ；,3．定期参加教研会议，不断提升教学质量，保证教学效果；,4．熟悉儿童、青少年、成人不同阶段的教学方法与技巧，营造良好的课堂氛围；,5．与学员及家长保持良好的沟通交流关系，提高满意度。,1．学历要求：本科及以上学历，有丰富教学经验者，可适当放宽；,2．专业要求：国画学、美术学、教育学、艺术类等相关专业；,3．能够针对不同年龄段学员进行教案编写、课程设计；,4．条理清晰，语言表达能力强，有一定控班能力和感染力，能够调动学员的积极性；,5．热爱中国传统文化，热爱教育事业。,1．课时费+提成+奖金；前期平均薪资4-8K/月，收入可持续上涨；,2．完备的五险一金；带薪年假；,3．独立舒适的教学、创作空间；,4．优雅古典的环境，与名家接触，与名品为伴，提升自我修养；,5．平台有学科教研组，注重老师综合能力的再提升；,6．丰富多彩的团队生活、员工关爱活动。,做五休二（周一至周四休两日，周五周六周日为工作日）；",秦汉胡同国学书院,民营公司,1000-5000人,教育/培训/院校,秦汉胡同国学于2002年开始创业，至今逾18个春秋。旨在将中华国学最基础的三个部分，即艺术丶诗文丶人文通识，藉＂听香读画，吃墨看茶＂的极致艺术空间，依托拥有全球化兼容并蓄的开放胸襟，具备传统文人扎实通识素养与学术能力的国学教师，向现代家庭，向全世界传播分享中华文化精粹，把中国心交给中国文字，让世界柔软。      秦汉胡同国学率先倡导国学教育为通识教育，并开创了艺术、诗文丶人文通识三位一体，即三画齐备、大者君子的国学教育学术与实践，成效华茂。艺朮模块包括书法、国画、围棋、茶艺、古筝二胡琵琶笛箫等为主的民乐和京剧昆曲等课程。诗文分为“蒙学“、“小学“和“经学”三个阶段。       蒙学阶段包括3.5岁起《三字经》、《千家诗》、《千字文》等蒙学经典在内的发蒙课程，使学生具备基本的学习能力和传统文化常识，童蒙养正；小学阶段包括“文字”、“声律”和“训诂”在内的基础文字训练课程，明声音、辨字义，掌握国学学习方法，为进一步学习国学经典与诗词创作打下扎实基础；经学阶段包括儒家经典、中华历史、诗文鉴赏与写作等课程，以诗教为途径，让学生通经明史，学习中国文化之精髓，成人成才。       人文通识模块，通过亲子人文通识教学，综合物证实物观摩、线下授课、在线图文、在线音视频、随机测试等方式，依托中华浩若烟海的文明物证，讲述中华色彩斑斓的长情故事，夯实中华上下五千年宝贵的家国情怀，与道德根基。秦汉胡同国学在做实国学教育的基础上，秦汉胡同在线、专卖丶中文丶好研社丶第伯乐等多个孵化项目亦健康发展。       目前，秦汉胡同国学已经在北京、上海、广州、深圳、杭州、南京、济南、娄底、临汾等地设立近70家国学馆，每年惠及数十万家庭。未来，秦汉胡同国学线下线上将不断融合，实现国学产品与服务的在线化、智能化、网络化，依托深度垂直的海量内容创造，向全社会开放国学教师培训，实现国学普惠。,6000,8000,7000.0,杭州,1年经验,本科
美术老师,,绘画,"1.独立上课的经验与能力,2.协助创新课题开发设计、教案、范画制作以及课前准备工作；,3. 负责美术课程的教学工作、实施听课、授课计划、保证教学质量，参与教学评议等；,4. 负责协助总部、各校区举办的各类画展及其它活动；,5. 对学员的课堂表现等情况和家长保持沟通和交流；,6. 负责完成领导交代的其他事情。,任职资格：,1. 艺术类或师范类院校，美术教育相关专业，有良好的专业表达能力和课堂管理沟通能力；,3. 热爱教育事业，喜爱孩子，了解儿童心理和认知特点，有责任心和耐心，能因材施教；,4. 喜欢儿童，擅于运用启发，引导及互动的教学模式；,5. 热爱少儿教育事业，学习能力强，有工作激情和责任心，富有创意；,6. 有教师资格证，期望在少儿教育事业上长期发展者优先；,薪酬待遇：,1. 基本薪资+绩效+课时费+年终绩效奖金,2. 友好轻松的工作环境，每周固定休2天,3. 各类户外活动，每年超时的带薪休假",合肥瑷特教育咨询有限公司,民营公司,少于50人,教育/培训/院校,艾特美术是一家专注于青少年儿童专业美术的教育机构，目前有综合美术、精品游学、主题写生等核心产品。针对不同年龄阶段、开设有水彩、色粉、油画、卡漫、国画、书法、素描等多种专业绘画课程。通过带孩子们体验不同的绘画形式、以及在社会自然和生活中发现美、体验美，带孩子进入一个全新的艺术世界！,4500,6000,5250.0,合肥,1年经验,大专
绘画老师,,绘画,"1.独立上课的经验与能力,2.协助创新课题开发设计、教案、范画制作以及课前准备工作；,3. 负责美术课程的教学工作、实施听课、授课计划、保证教学质量，参与教学评议等；,4. 负责协助总部、各校区举办的各类画展及其它活动；,5. 对学员的课堂表现等情况和家长保持沟通和交流；,6. 负责完成领导交代的其他事情。,任职资格：,1. 艺术类或师范类院校，美术教育相关专业，有良好的专业表达能力和课堂管理沟通能力；,3. 热爱教育事业，喜爱孩子，了解儿童心理和认知特点，有责任心和耐心，能因材施教；,4. 喜欢儿童，擅于运用启发，引导及互动的教学模式；,5. 热爱少儿教育事业，学习能力强，有工作激情和责任心，富有创意；,6. 有教师资格证，期望在少儿教育事业上长期发展者优先；,薪酬待遇：,1. 基本薪资+绩效+课时费+年终绩效奖金,2. 友好轻松的工作环境，每周固定休2天,3. 各类户外活动，每年超时的带薪休假",合肥瑷特教育咨询有限公司,民营公司,少于50人,教育/培训/院校,艾特美术是一家专注于青少年儿童专业美术的教育机构，目前有综合美术、精品游学、主题写生等核心产品。针对不同年龄阶段、开设有水彩、色粉、油画、卡漫、国画、书法、素描等多种专业绘画课程。通过带孩子们体验不同的绘画形式、以及在社会自然和生活中发现美、体验美，带孩子进入一个全新的艺术世界！,4500,6000,5250.0,合肥,在校生/应届生,大专
